title,published_at,duration,view_count,like_count,comment_count
Let's see if you dare next time #Shorts #017,2023-04-25T02:40:11Z,PT18S,246200629,1572774,942
[6Î≤à] ÏãùÎãπ ÏóÖÏÜåÏö© ÏùåÏãùÌè¨Ïû• ÎπÑÎãêÎû© Ï†àÎã®Í∏∞,2023-05-11T07:08:02Z,PT15S,160984366,1472323,678
Khaby Lame react epic moments #shorts #kabhylame,2023-05-12T09:35:22Z,PT19S,96455747,2312319,2203
Polina Knoroz's Cute Moment in Sports #shorts,2023-06-11T13:30:04Z,PT35S,91902366,1397067,930
Salute to indian armyüáÆüá≥‚ù§Ô∏èüíØ #army #trending #viral #respect #ytshorts #anurag #shorts #short #indian,2023-05-05T14:00:16Z,PT30S,85157682,1973374,0
#ÿ∑ŸÅŸÑ ŸÅŸÇŸäÿ± Ÿäÿ±ŸäÿØ ÿßŸÜ Ÿäÿ¥ÿ™ÿ±Ÿä ÿßŸÑŸÖŸàÿ≤ ŸÖŸÜ ÿßŸÑÿ®ÿßÿ¶ÿπ ŸàŸÑŸÉŸÜ ŸÑŸÖ ŸäŸÉŸàŸÜ ÿßŸÑŸÖÿßŸÑ ŸäŸÉŸÅŸä ŸàŸäÿ∑ÿ±ÿØŸá,2023-04-09T05:00:27Z,PT52S,72179884,1657224,6456
Khaby Lame react epic moments #shorts #kabhylame,2023-02-16T12:16:24Z,PT24S,68627526,1720630,907
Happiness ‚ù§Ô∏è | Wild Cookbook,2023-03-18T06:45:38Z,PT58S,61273357,2385050,6365
MOST SATISFYIGN world RECORD,2023-05-17T22:00:33Z,PT26S,56268598,2764756,9656
Cute baby enjoying in slide üõù #viral #shorts #youtubeshorts #aarorakhadka,2023-06-08T11:02:40Z,PT12S,55649728,907209,0
Masala Cheese Kottu üòã #shorts #asmr #asmrcooking #kottu #masala #chicken #easyrecipe #indianfood,2023-05-07T13:56:00Z,PT56S,52893322,1522472,3364
LED chaser Circuit |  Electronics Projects | LED circuits,2023-05-14T11:30:02Z,PT59S,51253022,817245,2238
Amazing Masala Guava | traditional food home,2023-01-06T13:53:07Z,PT44S,45966884,1814779,2909
Best Summer Coco Drink | Energy Booster | Wild Cookbook,2023-03-02T06:33:33Z,PT50S,40525860,1392069,907
tak boleh| upin ipin pelit#shorts,2023-03-12T00:40:16Z,PT15S,39867680,569581,
"–ü–û–ß–ï–ú–£ –ß–ê–ü–ò –í –®–û–ö–û–õ–ê–î–ï, –ê –Ø –ù–ï–¢?üê∂üòÅ",2023-05-02T15:15:02Z,PT1M,34799682,1067428,436
OMG what he did üò± #funny #funnyvideos #family #comedy #prank,2023-03-05T10:00:04Z,PT11S,34526806,350870,470
Frootloop Challenge - #magic #magician #challenge #prank,2023-03-04T23:25:36Z,PT21S,30899579,312724,192
‡∑Ä‡∑ê‡∂ª‡∂Ø‡∑î‡∂±‡∑î  transition ‡∂ë‡∂ö ü§£#trending#1million #viral#shortvideo#srilanka #comedy #funny #trend#shorts,2023-01-07T07:39:03Z,PT11S,29562656,277244,
Talking Tom ü•®üçüüçïü•¨ü´õü´ëü´íü´êüçáüçäü•≠üçç,2023-03-25T02:26:38Z,PT8S,28156473,1299213,699
Prima di uscire ü§£ da Severo Collegio di Danza #collegiodidanza #amelitvit #shorts,2023-04-22T09:00:30Z,PT1M,27497855,549093,615
Puzzle slow ‚ù§üíØ #shorts #satisfying,2023-05-16T02:32:40Z,PT16S,26635375,,842
My students are the best ü•≤üíÄ,2023-01-21T00:38:53Z,PT14S,22804287,1269100,2174
Farming Equipment ###‚ùó‚ùó‚ùó,2023-01-04T14:40:31Z,PT15S,22627839,145583,311
Purina One Bifensis: G√∂zle G√∂r√ºl√ºr Saƒülƒ±k,2023-05-26T13:39:48Z,PT15S,21881806,612,13
DILU Beats - Numba Ha (Suraganak Wilasa) - Official Lyrics Video,2023-02-05T12:30:07Z,PT2M44S,17973032,114304,6422
Leg-endary chicken cravings? KFC got you covered!,2023-05-05T10:48:54Z,PT10S,16797612,63,4
‡§ï‡•É‡§∂‡§ø‡§µ ‡§ï‡•Ä ‡§ö‡§æ‡§Ø ‡§¨‡§® ‡§∞‡§π‡•Ä ‡§π‡•à,2023-06-11T05:38:12Z,PT16S,18732313,245078,0
toy car towed by crane #shorts,2023-02-17T09:17:03Z,PT40S,15084784,837257,1105
Imagine staying in a place like this! #maldives,2023-05-18T12:45:50Z,PT16S,15068560,136142,195
Bombe Motai - Gajaman 3D -  Anushka Udana ft. Sunil Perera - Wasthi Productions,2023-01-13T14:11:44Z,PT4M28S,15078734,217840,5357
Global Fever-Tree TV Ad - US 15 secs,2023-04-04T14:11:24Z,PT16S,15062853,2,0
#shorts When u have Amazing kids at home ! #roohafzasharbat #swadshaala #viral #shortfeed #drinks,2023-03-29T13:31:04Z,PT1M,13109456,258315,0
shorts üôÇüòàü•∂ü§êüò±üòé#freefirevideo #ffviral #ffshorts #garenafreefire #hackudo #hacker ‚Äé#shorts #short,2023-06-15T01:53:58Z,PT43S,12882396,817630,28560
| PM Modi Kerala visit | Kerala Kochi Modi Roadshow | spg commando |,2023-04-27T05:30:00Z,PT58S,12379650,310384,958
Juicy mangoesü•≠ever!As a filler with coconut for steamed woven cake & mango prawn devilled|Poorna-The,2023-03-09T13:03:33Z,PT20M3S,12209720,70489,3383
Marvel Will Not be the Same üò¢ #Marvel #Shorts,2023-06-19T09:52:56Z,PT28S,11415581,606543,9358
Bhai behan ka Pyaar ü•∞#shorts,2023-01-16T13:20:12Z,PT1M,11429194,251219,
First Time of Making Fufu | Wild Cookbook,2023-03-04T06:30:20Z,PT55S,10599518,574115,1767
S-26 PROCAL Ultima MULTICARE SYSTEM - Together We Are Unstoppable,2023-03-14T07:45:06Z,PT16S,10421141,1,
Dumbara Manika (‡∂Ø‡∑î‡∂∏‡∑ä‡∂∂‡∂ª ‡∂∏‡∑ê‡∂´‡∑í‡∂ö‡∑è) - Dilshan Maduranga (Official Music Video),2023-03-31T11:00:16Z,PT3M42S,10070786,115708,5115
‡§¨‡§ö‡•ç‡§ö‡•Ä ‡§®‡•á ‡§ó‡§∞‡•Ä‡§¨ ‡§ï‡•ã ‡§¶‡§ø‡§≤‡§æ‡§Ø‡§æ ‡§ñ‡§ø‡§≤‡•å‡§®‡§æ,2023-01-11T13:34:00Z,PT35S,10034873,181065,0
How to make a 8 Channel Transmitter | 8 Channel Simple RF Remote Control For RC | Part 01 #jlcpcb,2023-06-13T11:30:14Z,PT1M,9577832,298671,492
Acer Aspire Vero | The Little Things | Small eco-footprint. Big impact.,2023-04-19T15:23:57Z,PT31S,9550801,2,
"Trending Fruit All Country May 19,2023 Part_36 #shorts",2023-05-19T12:04:02Z,PT43S,9387025,293361,382
‡§¨‡•á‡§ú‡•Å‡§¨‡§æ ‡§ï‡•Ä ‡§ï‡•ç‡§Ø‡§æ ‡§ó‡§≤‡§§‡•Ä | #shorts #emotional #kahani #shortfilm #concept #inspiration #princessgirlpalak,2023-01-09T10:44:28Z,PT45S,9715596,,0
what muscle is he working on?,2023-05-16T11:00:23Z,PT13S,8579911,135207,439
‡∑Ñ‡∂ª‡∑í ‡∂Ö‡∂¥‡∑ñ‡∂ª‡∑î ‡∑Ä‡∑Ö‡∂Ç ‡∑Ä‡∑Ö‡∂Ç | POT SELLER IN THE JUNGLE,2023-04-10T00:30:30Z,PT10M56S,8578730,36685,0
‡∂ö‡∑ú‡∂∏‡∑Ö‡∑í | Komali - Jaanu Teledrama Theme Song | ITN,2023-02-17T11:30:11Z,PT3M11S,8358892,54222,1317
Short Circuit Protection Circuit | HOW TO MAKE A SHORT CIRCUIT PROTECTION CIRCUIT,2023-05-17T11:30:08Z,PT51S,8254902,243832,617
Baby Jackfruit (Polos) Patties | Wild Cookbook,2023-02-21T14:15:23Z,PT1M,6236748,311156,642
Swimming Song #viral #popular #kidsmusic #trending #babysongs #cartoon #littletreehouse,2023-05-01T06:30:16Z,PT44S,6198606,122864,0
How to draw rose flower very easy #shorts,2023-02-11T13:30:06Z,PT31S,5863446,204722,565
–õ–ò–ó–ê –£–°–õ–´–®–ê–õ–ê –ó–ù–ê–ö–û–ú–´–ô –ó–í–£–ö?‚ù§‚≠êüòÅ,2023-06-07T14:00:41Z,PT32S,5721294,98582,0
Na Na Na Na - Official Video Song | A Vivek Mervin Original | Vivek Siva | Mervin Solomon,2023-06-14T13:30:14Z,PT3M56S,5624879,77556,1472
leaf painting ideaüåøüòç /#viral #art #viralvideo #shorts,2023-05-06T08:30:10Z,PT38S,5386895,141468,273
Guacamole ü•ë,2023-06-18T07:29:44Z,PT32S,5304832,196569,496
Tom&Jerryüòòsayoo&anvi| sangeethkumar #shorts,2023-01-23T04:30:14Z,PT43S,5168018,287253,325
‡∂∂‡∑ù‡∂∏‡∑ä‡∂∂‡∂∫ | The Bomb | Vini Productions - ‡∑Ä‡∑í‡∂±‡∑ì,2023-03-09T12:27:25Z,PT25M56S,5152155,180031,9414
Fsboling-Professional woodworking machinery,2023-02-08T02:00:17Z,PT10S,5053466,18133,133
Chanuka Mora - Kanda Gena (‡∂ö‡∑ê‡∂±‡∑ä‡∂Ø‡∑è ‡∂ú‡∑ô‡∂±‡∑è) ft. Shavindya (Official Music Video) CHAPTER 02,2023-03-27T13:00:11Z,PT3M52S,5059220,65357,2465
Avocado Shake | Wild Cookbook,2023-06-04T06:30:14Z,PT38S,4972032,258429,539
New Hindi Mashup Songs | It's Feel Goes With Your Mood | Feel The Beat Playlists,2023-05-28T18:30:08Z,PT1H6M34S,4901725,36783,893
Sour Bilimbi Pickle | Wild Cookbook,2023-05-07T08:40:17Z,PT53S,4854183,188985,891
Winter Melon Candy | ‡∂¥‡∑î‡∑Ñ‡∑î‡∂Ω‡∑ä ‡∂Ø‡∑ù‡∑É‡∑í| Wild Cookbook,2023-03-06T07:08:58Z,PT58S,4825849,259111,807
üò≥üò≥üò≥ü•∫‚òπÔ∏è,2023-05-06T16:24:45Z,PT18S,4821181,127942,658
A beautiful moment in life #571 - #shorts,2023-01-21T09:20:00Z,PT36S,4902974,69808,664
MADUWA - Sinhala Wedakam (Meuwa Beheth 2) - Official Music Video,2023-03-25T16:19:07Z,PT3M26S,4751455,63568,3439
Jackfruit Seed & Coconut Sweet Balls | Wild Cookbook,2023-04-07T06:42:54Z,PT59S,4743750,226907,741
Created for Œ± - Lensa Sony Alpha | Menghadirkan Potensi Terbaik Anda,2023-04-27T03:41:15Z,PT1M7S,4710648,9,1
Watch Till End_‡Æá‡Æ±‡ØÅ‡Æ§‡Æø‡Æµ‡Æ∞‡Øà ‡Æ™‡Ææ‡Æ∞‡ØÅ‡Æô‡Øç‡Æï | InFact Tamil #shorts #shortsfeed,2023-05-03T15:16:00Z,PT52S,4577247,255703,153
Our aim should be towards the rest of the World-Yashüî•üíØ,2023-04-26T14:30:01Z,PT45S,4538439,215839,632
‡∑Ñ‡∑í‡∂†‡∑ä‡∂†‡∑í ‡∂ã‡∂¥‡∑è‡∂Ω‡∑í | Hichchi Upali | Vini Productions - ‡∑Ä‡∑í‡∂±‡∑ì,2023-03-26T17:08:53Z,PT23M56S,4446212,153512,8208
Who Remember This ü§£üòÇ #cricket #shorts,2023-04-15T12:30:08Z,PT13S,4321396,111930,578
Dumbara Manika (Remix) - Dilshan Maduranga (EvO Beats) | @MrPravish | Sinhala Remix Songs,2023-04-05T11:00:17Z,PT2M46S,4305198,28373,806
‡∂±‡∑ô‡∑É‡∑ä‡∂ß‡∑ú‡∂∏‡∑ù‡∂Ω‡∑ä‡∂ß‡∑ä ‡∂¥‡∑ù‡∑Ç‡∂´‡∂∫‡∂∫‡∑í ‡∑Å‡∂ö‡∑ä‡∂≠‡∑í‡∂∫‡∂∫‡∑í ‡∂î‡∂∂‡∑Ä ‡∂∂‡∂Ω‡∂ú‡∂±‡∑ä‡∑Ä‡∂±‡∑ä‡∂± 100% ‡∑É‡∑ñ‡∂Ø‡∑è‡∂±‡∂∏‡∑ä.,2023-05-25T04:43:32Z,PT16S,4134457,6,0
VKTRY Shoe Flip - Field Goal Attempt,2023-05-09T03:24:17Z,PT15S,3973693,121916,2168
mongoose vs Big snake fight,2023-06-15T05:41:37Z,PT30S,4131421,116071,376
Red lady Papayas! Yellow ones for sweets & desserts & Green ones for preservation! | Traditional Me,2023-02-17T13:16:56Z,PT23M3S,3928994,27755,906
Bhai mujhe bhi cycle chalan hai  üò©‚ù§Ô∏è #shorts #viral,2023-05-15T13:30:16Z,PT28S,4027265,68831,0
otilia - jaanu jaanu | Dee pete remix || #arabic #yearofyou #viral #trending #youtubeshorts #shorts,2023-05-24T15:27:00Z,PT4S,3745271,,940
Marvel vs Ben 10 #shorts #marvel #ben10,2023-01-24T04:35:55Z,PT39S,3660547,254106,2500
Siblings FunüòÇPart-17ü§£Wait For TWISTüòÇ #shorts #youtubeshorts #trending #comedy #siblings #pain #end,2023-01-24T13:22:45Z,PT47S,3582987,339259,507
‡∂á‡∂∫‡∑í ‡∂∏‡∑ö‡∂∏ ‡∂ö‡∂ª‡∂±‡∑ä‡∂±‡∑ö #slmemereview | #srilankanathalmeme | #girldance | #trending | #dance #weddingdance,2023-03-24T03:35:39Z,PT16S,3528989,71858,841
"Best Drink For A Warm, Sunny Day ‚òÄÔ∏è",2023-01-28T15:07:14Z,PT36S,3500304,155580,235
‡∂ª‡∑ê‡∂¢‡∑í‡∂±‡∂ß ‡∂á‡∂±‡∑ä‡∂Ø‡∑è / Rajinata Anda Official Music Video,2023-01-22T02:30:18Z,PT5M6S,3445377,68635,5883
ŸÖÿßŸÑŸÉ Ÿäÿß ÿµÿßÿ≠ÿ®Ÿä ÿßÿ≠ŸÉŸäŸÑŸä üò≠üò≠,2023-05-18T16:18:15Z,PT13S,3473637,56974,0
So simple to make! üçàüçà Guava bites | Traditional Me,2023-05-07T10:36:34Z,PT52S,3376590,135578,312
Best Chicken Lollipops Ever | Wild Cookbook,2023-04-24T02:41:04Z,PT49S,3302781,229031,317
Amazing satisfying clips of street food p10 #shorts #satisfyingvideos #oddlysatisfying,2023-03-13T04:45:07Z,PT13S,3285450,33431,12
2 ways to wear ü¶ã You don‚Äôt have to be a tailor to make this dress | Sewing butterfly dress,2023-04-04T13:00:05Z,PT14M14S,3118767,30951,348
Tose Nainaa Milaai Ke | 10 December 2023 | Full Episode 91 | Dangal TV,2023-12-10T16:00:20Z,PT22M9S,3114372,42448,732
Well ripened Pink Jackfruit !üçà Put this magical fruit into kasari & made a young coconut drink too.,2023-04-05T13:21:04Z,PT21M32S,3041956,38465,2578
Kannana Kanne - Special Promo | 04 Mar 2023 | Sun TV Serial | Tamil Serial,2023-03-03T14:00:35Z,PT39S,3009803,34105,795
UNKNOWN GENETIC FREAK - NO STEROIDS NO GYM - MR. WAD MOTIVATION,2023-05-01T13:30:00Z,PT8M16S,3017465,54500,4863
Black Mango Curry | Wild Cookbook,2023-03-23T06:48:41Z,PT1M,2976115,183268,531
Imlie | ‡§á‡§Æ‡§≤‡•Ä | Imlie ne kiya Aryan pe hamla !,2023-03-14T14:35:29Z,PT9M46S,2971610,22040,102
creditos:elmaxz_ creditos:lips_asmr_w #short #asmr #caramelo #elmaxz,2023-05-26T22:51:12Z,PT1M1S,2967063,269150,178
Mal Mal Hina (‡∂∏‡∂Ω‡∑ä ‡∂∏‡∂Ω‡∑ä ‡∑Ñ‡∑í‡∂±‡∑è) | Group Song | Dream Star Season 11 | TV Derana,2023-04-29T20:12:57Z,PT3M7S,2829479,23202,1139
Thol Peththa Rosa Pata - Sujan Fernando (Official Music Video),2023-01-10T11:30:07Z,PT3M43S,2689434,34542,967
Drawing is easy ü´∂üèª,2023-06-14T16:41:16Z,PT21S,4543122,74609,492
Indian army ke liye ek like üëç #army #armylover #armylife #trending #shorts #viral,2023-01-07T06:43:09Z,PT1M,4681268,339221,572
Who Remember This ü§£üòÇ #cricket #shorts,2023-04-15T12:30:08Z,PT13S,4321396,111930,578
Dumbara Manika (Remix) - Dilshan Maduranga (EvO Beats) | @MrPravish | Sinhala Remix Songs,2023-04-05T11:00:17Z,PT2M46S,4305198,28373,806
Weight Loss Workout easily at home #weightloss #viral #yoga #calmdown,2023-02-25T11:55:14Z,PT5S,4151404,99143,63
‡∂±‡∑ô‡∑É‡∑ä‡∂ß‡∑ú‡∂∏‡∑ù‡∂Ω‡∑ä‡∂ß‡∑ä ‡∂¥‡∑ù‡∑Ç‡∂´‡∂∫‡∂∫‡∑í ‡∑Å‡∂ö‡∑ä‡∂≠‡∑í‡∂∫‡∂∫‡∑í ‡∂î‡∂∂‡∑Ä ‡∂∂‡∂Ω‡∂ú‡∂±‡∑ä‡∑Ä‡∂±‡∑ä‡∂± 100% ‡∑É‡∑ñ‡∂Ø‡∑è‡∂±‡∂∏‡∑ä.,2023-05-25T04:43:32Z,PT16S,4134457,6,0
mongoose vs Big snake fight,2023-06-15T05:41:37Z,PT30S,4131421,116071,376
Red lady Papayas! Yellow ones for sweets & desserts & Green ones for preservation! | Traditional Me,2023-02-17T13:16:56Z,PT23M3S,3928994,27755,906
Science Myths | #shorts #mrspark27,2023-06-08T13:24:52Z,PT32S,3964041,102904,50
Marvel vs Ben 10 #shorts #marvel #ben10,2023-01-24T04:35:55Z,PT39S,3660547,254106,2500
‡∂á‡∂∫‡∑í ‡∂∏‡∑ö‡∂∏ ‡∂ö‡∂ª‡∂±‡∑ä‡∂±‡∑ö #slmemereview | #srilankanathalmeme | #girldance | #trending | #dance #weddingdance,2023-03-24T03:35:39Z,PT16S,3528989,71858,841
"Best Drink For A Warm, Sunny Day ‚òÄÔ∏è",2023-01-28T15:07:14Z,PT36S,3500304,155580,235
‡∂ª‡∑ê‡∂¢‡∑í‡∂±‡∂ß ‡∂á‡∂±‡∑ä‡∂Ø‡∑è / Rajinata Anda Official Music Video,2023-01-22T02:30:18Z,PT5M6S,3445377,68635,5883
So simple to make! üçàüçà Guava bites | Traditional Me,2023-05-07T10:36:34Z,PT52S,3376590,135578,312
Best Chicken Lollipops Ever | Wild Cookbook,2023-04-24T02:41:04Z,PT49S,3302781,229031,317
2 ways to wear ü¶ã You don‚Äôt have to be a tailor to make this dress | Sewing butterfly dress,2023-04-04T13:00:05Z,PT14M14S,3118767,30951,348
Tose Nainaa Milaai Ke | 10 December 2023 | Full Episode 91 | Dangal TV,2023-12-10T16:00:20Z,PT22M9S,3114372,42448,732
Well ripened Pink Jackfruit !üçà Put this magical fruit into kasari & made a young coconut drink too.,2023-04-05T13:21:04Z,PT21M32S,3041956,38465,2578
Kannana Kanne - Special Promo | 04 Mar 2023 | Sun TV Serial | Tamil Serial,2023-03-03T14:00:35Z,PT39S,3009803,34105,795
UNKNOWN GENETIC FREAK - NO STEROIDS NO GYM - MR. WAD MOTIVATION,2023-05-01T13:30:00Z,PT8M16S,3017465,54500,4863
Black Mango Curry | Wild Cookbook,2023-03-23T06:48:41Z,PT1M,2976115,183268,531
‡∂¥‡∑ú‡∂©‡∑í ‡∂ö‡∂∏‡∂ß ‡∂±‡∑ô‡∑Ä‡∑ô‡∂∫‡∑í ‡∂∏‡∑ô‡∂∫‡∑è‡∂ú‡∑ô ‡∂Ø‡∑è‡∂Ç‡∂ú‡∂Ω‡∑ö üòÇüôä,2023-05-10T11:44:35Z,PT59S,2971592,94112,
Imlie | ‡§á‡§Æ‡§≤‡•Ä | Imlie ne kiya Aryan pe hamla !,2023-03-14T14:35:29Z,PT9M46S,2971610,22040,102
creditos:elmaxz_ creditos:lips_asmr_w #short #asmr #caramelo #elmaxz,2023-05-26T22:51:12Z,PT1M1S,2967063,269150,178
#edits #tiktok,2023-01-13T15:43:41Z,PT46S,2874732,205156,1646
Mal Mal Hina (‡∂∏‡∂Ω‡∑ä ‡∂∏‡∂Ω‡∑ä ‡∑Ñ‡∑í‡∂±‡∑è) | Group Song | Dream Star Season 11 | TV Derana,2023-04-29T20:12:57Z,PT3M7S,2829479,23202,1139
Thol Peththa Rosa Pata - Sujan Fernando (Official Music Video),2023-01-10T11:30:07Z,PT3M43S,2689434,34542,967
Catriona gray üëë Miss universe 2018 üòç Swimsuit ‚ùÄ #missuniverse2018 #catrionagray,2023-02-19T03:28:39Z,PT32S,2683122,93435,495
‡∂Ø‡∑ê‡∂ö‡∑ä‡∂ö ‡∂Ω‡∑É‡∑ä‡∑É‡∂±‡∂∏ Twins üëØ‚Äç‚ôÄÔ∏è‡∂Ø‡∑ô‡∂±‡∑ä‡∂± üëå‡∂Ø‡∑î‡∂Ω‡∂ö‡∑ä‡∑Ç‡∑í & ‡∂Ö‡∂∫‡∑ö‡∑Ç‡∑í üíûDulakshi  & Ayeshi üíñTwins,2023-05-29T13:46:45Z,PT19S,2624363,87018,935
kabeh dilakoni pokok halal guys. proses carbon celup #otomotif #shortsvideo #tutorial #tips #mekanik,2023-05-19T06:08:39Z,PT59S,2737369,78183,184
Best Dumplings Ever ü•ü| Wild Cookbook,2023-05-09T07:00:09Z,PT59S,2463962,179437,537
Kayal - Promo | 24 Mar 2023 | Sun TV Serial | Tamil Serial,2023-03-23T16:03:33Z,PT30S,2433421,24583,277
Seared pork cheese bread . üêñü•™ #shorts  #food,2023-01-23T03:38:24Z,PT39S,2382451,103029,798
Idhu Ethirpaarkkatha Twist | Sundari - Best Scenes | Sun TV | Tamil Serial,2023-05-25T12:35:11Z,PT4M42S,2341883,20544,368
Java apples! as a jammy filler for my Custard cloud Pudding & made Pink Cordial too | Traditional Me,2023-05-19T13:23:32Z,PT27M31S,2208405,21249,777
Bayi Panda Kiki Rajin Menggosok Gigi setiap hari | kartun anak | bahasa Indonesia| babybus #shorts,2023-06-11T05:36:51Z,PT1M1S,2217153,51115,0
DD News 24x7 | Breaking News & Latest Updates | Live Updates | News in Hindi,2023-09-26T00:42:49Z,P0D,2073512,6667,
My Lemon lime... Fish bake! üòÉ | Traditional Me,2023-03-04T05:04:11Z,PT1M,2056446,99153,177
Doctor Reacts To Anatomy Lessons & First Ever Surgery!,2023-02-28T18:23:50Z,PT48S,2028783,134909,1050
Create moments that matter with NESCAF√â Gold!,2023-03-30T16:52:02Z,PT30S,2039210,24,1
Baa Baa Black Sheep! | CoComelon Animal Time | Animal Nursery Rhymes,2023-01-15T11:30:21Z,PT31M11S,2033004,11444,0
DJ JNK X @Moniyo_  - Ratha Gaaya (‡∂ª‡∂Æ‡∂ú‡∑è‡∂∫) - Official Music Video,2023-03-11T11:30:11Z,PT4M43S,1991913,56870,3153
Floury pumpkinsüéÉ!!Entire family enjoy every toothsome pumpkin dishes|Poorna-The nature girl|,2023-02-09T13:34:13Z,PT20M17S,1838574,29928,2096
Imlie | ‡§á‡§Æ‡§≤‡•Ä | Imlie ne sunaai Aryan ko lori!,2023-04-11T03:00:01Z,PT9M15S,1691382,13961,113
Rosa Batiththi (Remix) - Mangala Denex  @EVOBEATSLK  | @MrPravish | Sinhala New Songs,2023-03-12T11:15:10Z,PT2M56S,1654813,14725,312
@LakaiSikai  - Lakaa Ko ü§®üò≥‚ÅâÔ∏è| ‡∂Ω‡∂ö‡∂∫‡∑í ‡∑É‡∑í‡∂ö‡∂∫‡∑í - ‡∂Ω‡∂ö‡∑è ‡∂ö‡∑ù | Monthly Special Comedyüòç,2023-02-01T07:01:31Z,PT28M18S,1643421,47384,1381
Aaley Wandanawak - ‡∂Ü‡∂Ω‡∑ö ‡∑Ä‡∂±‡∑ä‡∂Ø‡∂±‡∑è‡∑Ä‡∂ö‡∑ä Galana Gangawo | Dilki Uresha-Nadun Gimhana | Official Music Video,2023-01-27T12:30:08Z,PT3M51S,1645206,29038,1415
Imlie | ‡§á‡§Æ‡§≤‡•Ä | Aryan ne Imlie ko chopsticks use karna sikhaya!,2023-03-06T15:45:00Z,PT11M4S,1620783,14323,93
‡∂∞‡∂ª‡∑ä‡∂∏ ‡∂∫‡∑î‡∂Ø‡∑ä‡∂∞‡∂∫ 2 üò± | ‡∂Ø‡∑ä‚Äç‡∂ª‡∑í‡∑Å‡∑ä‚Äç‡∂∫‡∂∏‡∑ä 2 2023 Movie Explained in Sinhala | Inside Cinemax Sinhala Review,2023-01-01T12:42:15Z,PT46M12S,1593645,31857,1589
"Wood-oven ""Baked Rice"", wrapped in banana leaf was my top-secret recipe until today!| Traditional Me",2023-03-07T13:19:07Z,PT22M26S,1548398,23784,851
Imlie | ‡§á‡§Æ‡§≤‡•Ä | Shaadi ke Mauke par Sab khel rahe hai Bollywood Game part 2,2023-03-11T16:40:00Z,PT8M35S,1145261,10089,92
Imlie | ‡§á‡§Æ‡§≤‡•Ä | Kya Imlie aur Aryan ek hi kamre mein rahenge?,2023-04-05T05:40:00Z,PT8M45S,1144760,9682,86
Imlie | ‡§á‡§Æ‡§≤‡•Ä | Imlie aur Aryan ne kaha ek doosre ko sorry!,2023-05-31T08:30:17Z,PT12M20S,1143577,9694,129
‡∂ö‡∑ú‡∑Ñ‡∑ú‡∂∏‡∂Ø ‡∂í ‡∂ª‡∂ü‡∂± ‡∂ª‡∑ê‡∂ü‡∑î‡∂∏‡∑ä üòç‚ù§ #shorts,2023-03-06T07:30:49Z,PT1M,1137580,15720,236
Imlie | ‡§á‡§Æ‡§≤‡•Ä | Imlie ke liye Aryan ne phad diya apna shirt!,2023-03-18T12:40:00Z,PT10M31S,1135849,9102,139
Whole spicy FISH BAKE with lemon & lime! Blue olives made it more tasty & beautiful!| Traditional Me,2023-01-11T13:08:15Z,PT25M25S,1048840,22014,867
Non-contact AC voltage Detector | Electronics #jlcpcb,2023-05-06T11:30:01Z,PT1M,1043199,44254,120
Purple Cabbages added more colour to already colourful dishes! Bro made pickles too | Traditional Me,2023-03-22T14:02:04Z,PT29M47S,1045022,16570,566
Imlie | ‡§á‡§Æ‡§≤‡•Ä | Kya Aryan khayega Imlie ke hath ka bana hua khana?,2023-03-20T13:18:40Z,PT10M15S,1010170,9648,100
Imlie | ‡§á‡§Æ‡§≤‡•Ä | Aryan ne bachaai Imlie ki jaan!,2023-03-26T03:50:00Z,PT7M52S,1009729,9087,136
Poornima Lakshani | Mal Mal Sariya (‡∂∏‡∂Ω‡∑ä ‡∂∏‡∂Ω‡∑ä ‡∑É‡∑è‡∂ª‡∑í‡∂∫) | Knockouts - Ranking Chairs | The Voice SL,2023-02-12T16:15:23Z,PT12M32S,1003127,23056,931
Imlie | ‡§á‡§Æ‡§≤‡•Ä | Imlie aur Aryan bane dance partner !,2023-03-14T12:40:19Z,PT8M34S,1005034,9212,92
Imlie | ‡§á‡§Æ‡§≤‡•Ä | Imlie par aayi musibat !,2023-03-09T16:01:14Z,PT8M45S,998668,7046,38
Imlie | ‡§á‡§Æ‡§≤‡•Ä | Imlie ko mila apna bada sa kamara !,2023-03-07T09:50:00Z,PT11M19S,984082,9228,67
Kodi Gaha Yata | Episode 03 - (2023-03-11) | ITN,2023-03-11T15:02:49Z,PT20M9S,966871,16181,363
Imlie | ‡§á‡§Æ‡§≤‡•Ä | Kyun ki Imlie ne Aryan se shaadi?,2023-04-04T13:10:00Z,PT10M4S,963537,9437,102
Vaseline Healthy Bright Sun Pollution Body Lotion,2023-03-17T11:27:18Z,PT21S,992634,10,1
Imlie | ‡§á‡§Æ‡§≤‡•Ä | Aryan ne uthaaya Imlie ko apni baahon mein!,2023-03-03T08:46:55Z,PT10M,930129,7753,71
Imlie | ‡§á‡§Æ‡§≤‡•Ä | Holi ke nashe mein ki Imlie-Aryan ne khoob masti!,2023-04-07T05:30:11Z,PT11M14S,932974,8555,65
Imlie | ‡§á‡§Æ‡§≤‡•Ä | Kya Aryan karega Imlie ki help?,2023-03-22T13:30:06Z,PT11M25S,931108,9796,95
Imlie | ‡§á‡§Æ‡§≤‡•Ä | Kiska bhoot dekh liya Imlie ne?,2023-03-22T11:50:00Z,PT9M49S,930607,8006,70
üçàüçà Mmm... Guava Curry! üòã üòã spicyyyyy... | Traditional Me,2023-05-02T12:15:02Z,PT1M,920249,39256,105
Paththini kathawa‚Äç‚Äç‚Äç‚Äå|3D animated short film (‡∂¥‡∂≠‡∑ä‡∂≠‡∑í‡∂±‡∑í)|Fairy World|Sri lanka|Sinhala 3D,2023-01-28T02:14:04Z,PT20M18S,921881,13331,1190
Praana (‡∂¥‡∑ä‚Äç‡∂ª‡∑è‡∂´) | Tele Movie | Sirasa TV,2023-06-10T16:30:04Z,PT2H1M20S,906956,10034,378
Imlie | ‡§á‡§Æ‡§≤‡•Ä | Kya Imlie kabhi maa nahi ban sakti?,2023-04-27T05:00:01Z,PT9M34S,908722,7326,70
Lapati Sina - Chulla Danuddara Jathakaya | ‡∂Ω‡∂¥‡∂ß‡∑í ‡∑É‡∑í‡∂±‡∑è - ‡∂†‡∑î‡∂Ω‡∑ä‡∂Ω ‡∂∞‡∂±‡∑î‡∂Ø‡∑ä‡∂Ø‡∂ª ‡∂¢‡∑è‡∂≠‡∂ö‡∂∫ | 3D Animated Short Film,2023-01-18T13:41:59Z,PT16M4S,909790,9964,340
Imlie | ‡§á‡§Æ‡§≤‡•Ä | Beautiful moments at Aryan's birthday celebration!,2023-05-14T04:50:00Z,PT7M46S,895927,7527,60
Deseos (PT‚Äô3) #shorts #historia #ecuador,2023-12-09T23:45:44Z,PT49S,895056,135333,123
Neegalum ippadi thana üòÖ Full video link in comment ‚ù§Ô∏è #mabucrush,2023-03-11T09:08:05Z,PT1M,886137,67753,110
Car buying made easy | Clutch :15s,2023-02-21T14:31:41Z,PT16S,882303,14,0
25 Most Beautiful Tiny And Small Towns In Europe | Europe Travel Guide,2023-04-01T16:58:13Z,PT46M,881066,12951,239
Cleaning Goes WRONG!!! | Kids TV Shows - Full Episodes | Cartoons For Kids | Fun Anime | Moonbug,2023-04-01T12:00:25Z,PT2H17M44S,879349,568,0
Kodi Gaha Yata | Episode 30 - (2023-06-18) | ITN,2023-06-18T15:01:22Z,PT18M53S,869933,13633,757
Kodi Gaha Yata | Episode 24 - (2023-05-27) | ITN,2023-05-27T15:05:10Z,PT19M3S,868328,14267,543
Biggest LIME harvest ever! Tree with 1000s of limes to make my Bro's favourites! | Traditional Me,2023-04-27T13:10:45Z,PT28M40S,860431,14809,636
Anandha Ragam - Ep 184 | 02 April 2023 | Tamil Serial | Sun TV,2023-04-04T03:30:10Z,PT22M6S,850284,8476,73
Priyamaana Thozhi - Ep 249 | 19 March 2023 | Tamil Serial | Sun TV,2023-03-21T03:15:00Z,PT21M24S,842111,8656,144
Batman turns a Promiscuous Girl he met on Streets into Bat Woman,2023-04-25T19:30:07Z,PT9M,841200,13605,988
Imlie | ‡§á‡§Æ‡§≤‡•Ä | Imlie-Aryan plot a plan against Malini!,2023-03-26T11:20:01Z,PT9M10S,839022,9075,142
Kodi Gaha Yata | Episode 21 - (2023-05-14) | ITN,2023-05-14T15:01:43Z,PT18M35S,837338,14102,573
40 Important ROAD SIGNS That You Need To Know When Driving | Traffic Signs | English Vocabulary,2023-02-28T04:42:44Z,PT5M20S,833431,7572,150
Imlie | ‡§á‡§Æ‡§≤‡•Ä |  Imlie ne kiya Divorce paper pe sign,2023-03-09T16:08:13Z,PT9M2S,836770,7208,85
"The $15,000,000 Audi Hoonitron is the CRAZIEST car I‚Äôve ever filmed! ü§Øü§Øü§Øü§Øü§Ø",2023-12-09T18:06:44Z,PT1M,833084,92265,851
Imlie | ‡§á‡§Æ‡§≤‡•Ä | Aditya throws Malini out of his house!,2023-03-30T08:30:07Z,PT11M22S,832013,9270,190
Kodi Gaha Yata | Episode 28 - (2023-06-11) | ITN,2023-06-11T15:03:38Z,PT18M57S,828030,13041,538
Kayal - Promo | 18 Mar 2023 | Sun TV Serial | Tamil Serial,2023-03-17T16:26:17Z,PT32S,823549,11012,86
Top 10 Free Fire Settings Used By Pro Players In 2023,2023-01-05T12:30:11Z,PT7M21S,823755,15828,505
Chinthaka Roshan | Hamara Banawara (‡∑Ñ‡∂∏‡∑è‡∂ª ‡∂∂‡∂´‡∑Ä‡∂ª) | Knockouts - Ranking Chairs | The Voice Sri Lanka,2023-03-04T16:06:05Z,PT11M12S,822421,23234,1592
"""‡∑Ü‡∑í‡∂∫‡∂ª‡∑äless ""  Movie Review Sinhala | Movie Explanation Sinhala | Sinhala Movie Review",2023-05-07T02:00:48Z,PT18M52S,812367,8229,127
Imlie | ‡§á‡§Æ‡§≤‡•Ä | Aryan ki badi maa ne mara Preeta ko thappad!,2023-04-10T14:20:00Z,PT8M53S,802176,7783,77
üçàüçà Mmm... Guava Curry! üòã üòã spicyyyyy... | Traditional Me,2023-05-02T12:15:02Z,PT1M,920249,39256,105
NY Woman Delivers An AMAZING Speech,2023-06-12T19:37:59Z,PT1M,961371,82375,5708
Paththini kathawa‚Äç‚Äç‚Äç‚Äå|3D animated short film (‡∂¥‡∂≠‡∑ä‡∂≠‡∑í‡∂±‡∑í)|Fairy World|Sri lanka|Sinhala 3D,2023-01-28T02:14:04Z,PT20M18S,921881,13331,1190
Praana (‡∂¥‡∑ä‚Äç‡∂ª‡∑è‡∂´) | Tele Movie | Sirasa TV,2023-06-10T16:30:04Z,PT2H1M20S,906956,10034,378
Imlie | ‡§á‡§Æ‡§≤‡•Ä | Kya Imlie kabhi maa nahi ban sakti?,2023-04-27T05:00:01Z,PT9M34S,908722,7326,70
Lapati Sina - Chulla Danuddara Jathakaya | ‡∂Ω‡∂¥‡∂ß‡∑í ‡∑É‡∑í‡∂±‡∑è - ‡∂†‡∑î‡∂Ω‡∑ä‡∂Ω ‡∂∞‡∂±‡∑î‡∂Ø‡∑ä‡∂Ø‡∂ª ‡∂¢‡∑è‡∂≠‡∂ö‡∂∫ | 3D Animated Short Film,2023-01-18T13:41:59Z,PT16M4S,909790,9964,340
QVZ 30 YOSHDA,2023-12-10T16:11:19Z,PT24S,923221,22651,157
Imlie | ‡§á‡§Æ‡§≤‡•Ä | Beautiful moments at Aryan's birthday celebration!,2023-05-14T04:50:00Z,PT7M46S,895927,7527,60
25 Most Beautiful Tiny And Small Towns In Europe | Europe Travel Guide,2023-04-01T16:58:13Z,PT46M,881066,12951,239
Cleaning Goes WRONG!!! | Kids TV Shows - Full Episodes | Cartoons For Kids | Fun Anime | Moonbug,2023-04-01T12:00:25Z,PT2H17M44S,879349,568,0
Kodi Gaha Yata | Episode 30 - (2023-06-18) | ITN,2023-06-18T15:01:22Z,PT18M53S,869933,13633,757
Kodi Gaha Yata | Episode 24 - (2023-05-27) | ITN,2023-05-27T15:05:10Z,PT19M3S,868328,14267,543
Biggest LIME harvest ever! Tree with 1000s of limes to make my Bro's favourites! | Traditional Me,2023-04-27T13:10:45Z,PT28M40S,860431,14809,636
Anandha Ragam - Ep 184 | 02 April 2023 | Tamil Serial | Sun TV,2023-04-04T03:30:10Z,PT22M6S,850284,8476,73
Priyamaana Thozhi - Ep 249 | 19 March 2023 | Tamil Serial | Sun TV,2023-03-21T03:15:00Z,PT21M24S,842111,8656,144
FULL MATCH ‚Äî CM Punk v. Randy Orton: WrestleMania XXVII,2023-12-10T14:00:11Z,PT19M20S,847563,25470,1028
Batman turns a Promiscuous Girl he met on Streets into Bat Woman,2023-04-25T19:30:07Z,PT9M,841200,13605,988
Imlie | ‡§á‡§Æ‡§≤‡•Ä | Imlie-Aryan plot a plan against Malini!,2023-03-26T11:20:01Z,PT9M10S,839022,9075,142
Kodi Gaha Yata | Episode 21 - (2023-05-14) | ITN,2023-05-14T15:01:43Z,PT18M35S,837338,14102,573
40 Important ROAD SIGNS That You Need To Know When Driving | Traffic Signs | English Vocabulary,2023-02-28T04:42:44Z,PT5M20S,833431,7572,150
Imlie | ‡§á‡§Æ‡§≤‡•Ä |  Imlie ne kiya Divorce paper pe sign,2023-03-09T16:08:13Z,PT9M2S,836770,7208,85
junya1gou funny video üòÇüòÇüòÇ,2023-12-10T12:30:01Z,PT1M,836927,21515,94
Imlie | ‡§á‡§Æ‡§≤‡•Ä | Aditya throws Malini out of his house!,2023-03-30T08:30:07Z,PT11M22S,832013,9270,190
Kodi Gaha Yata | Episode 28 - (2023-06-11) | ITN,2023-06-11T15:03:38Z,PT18M57S,828030,13041,538
Top 10 Free Fire Settings Used By Pro Players In 2023,2023-01-05T12:30:11Z,PT7M21S,823755,15828,505
Chinthaka Roshan | Hamara Banawara (‡∑Ñ‡∂∏‡∑è‡∂ª ‡∂∂‡∂´‡∑Ä‡∂ª) | Knockouts - Ranking Chairs | The Voice Sri Lanka,2023-03-04T16:06:05Z,PT11M12S,822421,23234,1592
"""‡∑Ü‡∑í‡∂∫‡∂ª‡∑äless ""  Movie Review Sinhala | Movie Explanation Sinhala | Sinhala Movie Review",2023-05-07T02:00:48Z,PT18M52S,812367,8229,127
Imlie | ‡§á‡§Æ‡§≤‡•Ä | Aryan ki badi maa ne mara Preeta ko thappad!,2023-04-10T14:20:00Z,PT8M53S,802176,7783,77
Imlie | ‡§á‡§Æ‡§≤‡•Ä | Imlie ne Aryan ki maa se ki uski shikayat!,2023-03-04T10:05:45Z,PT10M17S,795835,7394,51
Imlie | ‡§á‡§Æ‡§≤‡•Ä | Kya Chini mita degi Aryan-Imlie ke beech ki dooriyaan?,2023-05-29T07:55:28Z,PT9M34S,799575,6170,61
Imlie | ‡§á‡§Æ‡§≤‡•Ä | Aditya ne maangi Imlie se maafi!,2023-03-30T04:20:00Z,PT10M59S,791967,8616,105
Imlie | ‡§á‡§Æ‡§≤‡•Ä |Invitation dene Malini pohochi Aryan ke ghar !,2023-03-13T16:47:53Z,PT10M32S,786783,7224,24
Anandha Ragam - Promo | 04 Apr 2023 | Sun TV Serial | Tamil Serial,2023-04-03T16:34:44Z,PT33S,780011,10208,130
Large Monster crabü¶Ämeat is tender with coconut milk & best crab filling @villagekitchensrilanka9727,2023-02-10T11:17:21Z,PT20M10S,773008,7612,77
"""De ‡∂Ω‡∑í‡∂ª‡∑í‡∂±‡∑ä‡∂ú‡∑ä "" Movie Review Sinhala | Movie Explanation Sinhala | Sinhala Movie Review",2023-05-14T06:06:39Z,PT16M53S,767384,6008,169
"‡∂±‡∑ê‡∂±‡∑ä‡∂Ø‡∂∏‡∑ä‡∂∏‡∑è, ‡∂Ω‡∑ö‡∂Ω‡∑í ‡∂ú‡∑ê‡∂ß‡∑î‡∂∏. ‡∂î‡∂∂ ‡∂±‡∑ê‡∂ª‡∂π‡∑í‡∂∫ ‡∂∫‡∑î‡∂≠‡∑î‡∂∏ ‡∂Ü‡∂Ø‡∂ª‡∑ä‡∑Å‡∂∏‡∂≠‡∑ä ‡∂ö‡∂≠‡∑è‡∑Ä‡∂ö‡∑ä | Mother-in-law and daughter-in-law Story üòÉ",2023-05-14T08:30:11Z,PT9M49S,768061,9456,582
Imlie | ‡§á‡§Æ‡§≤‡•Ä | Aryan hua buri tarah se ghayal!,2023-04-02T04:00:00Z,PT9M28S,764441,6760,73
Priyamaana Thozhi - Best Scenes | 21 March 2023 | Sun TV | Tamil Serial,2023-03-23T11:30:05Z,PT8M6S,761349,8735,130
Imlie | ‡§á‡§Æ‡§≤‡•Ä | Aryan ne Imlie ke dupatte se saaf ki apne jijaji ki photo!,2023-03-06T11:27:03Z,PT8M51S,763309,6067,42
Imlie | ‡§á‡§Æ‡§≤‡•Ä | Aditya ki Anguthi dhundhane ki rasam pe aaye Imlie aur Aryan !,2023-03-12T12:40:00Z,PT10M,761052,6920,39
MADUWA - Surprise MF feat. @Maiyah (Official Music Video),2023-05-21T11:00:07Z,PT3M39S,756554,22254,1550
‡∂∏‡∑ö ‡∂á‡∂©‡∑ä ‡∂ß‡∑í‡∂ö ‡∂Ø‡∑ê‡∂ö‡∂Ω‡∑è ‡∂≠‡∑í‡∂∫‡∑ô‡∂±‡∑Ä‡∂Ø? Have you seen ads in this Ad How To Start Social Media Marketing Para dige,2023-04-11T12:22:05Z,PT6M21S,754939,3203,42
Calm Down in 5 Styles | Sandaru Sathsara,2023-06-01T14:00:03Z,PT8M17S,738956,51036,3604
Imlie | ‡§á‡§Æ‡§≤‡•Ä | Apne hi sangeet se bhaag gayi Imlie!,2023-04-07T09:40:00Z,PT8M24S,736168,6895,62
Imlie | ‡§á‡§Æ‡§≤‡•Ä |Aryan ja rahe hai Pagdandiya !,2023-03-15T12:49:34Z,PT8M49S,732031,6976,79
Imlie | ‡§á‡§Æ‡§≤‡•Ä | Imlie aur Aryan ki shaadi ke special phere!,2023-04-08T12:00:42Z,PT9M17S,731419,7741,127
Taylor Swift feels a bit anxious while signing a fan's arm for a tattoo,2023-12-11T02:02:13Z,PT33S,743408,79234,134
Imlie | ‡§á‡§Æ‡§≤‡•Ä |Nimbu paani samjhkar Imlie ne pili Sharab !,2023-03-14T14:31:34Z,PT10M5S,728467,6439,39
Imlie | ‡§á‡§Æ‡§≤‡•Ä | Kyun nahi lagayi Imlie ne Aryan ke naam ki mehendi!,2023-04-07T16:00:23Z,PT11M56S,719893,7261,71
25 Most Beautiful Caribbean Islands | Best Caribbean Islands 2023,2023-04-29T16:33:27Z,PT47M3S,720998,5245,206
Paththini kathawa‚Äç‚Äç‚Äç‚Äå|3D animated short film (‡∂¥‡∂≠‡∑ä‡∂≠‡∑í‡∂±‡∑í)|Fairy World|Sri lanka|Sinhala 3D,2023-01-28T02:14:04Z,PT20M18S,921881,13331,1190
Praana (‡∂¥‡∑ä‚Äç‡∂ª‡∑è‡∂´) | Tele Movie | Sirasa TV,2023-06-10T16:30:04Z,PT2H1M20S,906956,10034,378
Imlie | ‡§á‡§Æ‡§≤‡•Ä | Kya Imlie kabhi maa nahi ban sakti?,2023-04-27T05:00:01Z,PT9M34S,908722,7326,70
Lapati Sina - Chulla Danuddara Jathakaya | ‡∂Ω‡∂¥‡∂ß‡∑í ‡∑É‡∑í‡∂±‡∑è - ‡∂†‡∑î‡∂Ω‡∑ä‡∂Ω ‡∂∞‡∂±‡∑î‡∂Ø‡∑ä‡∂Ø‡∂ª ‡∂¢‡∑è‡∂≠‡∂ö‡∂∫ | 3D Animated Short Film,2023-01-18T13:41:59Z,PT16M4S,909790,9964,340
QVZ 30 YOSHDA,2023-12-10T16:11:19Z,PT24S,923221,22651,157
Imlie | ‡§á‡§Æ‡§≤‡•Ä | Beautiful moments at Aryan's birthday celebration!,2023-05-14T04:50:00Z,PT7M46S,895927,7527,60
Neegalum ippadi thana üòÖ Full video link in comment ‚ù§Ô∏è #mabucrush,2023-03-11T09:08:05Z,PT1M,886137,67753,110
25 Most Beautiful Tiny And Small Towns In Europe | Europe Travel Guide,2023-04-01T16:58:13Z,PT46M,881066,12951,239
Cleaning Goes WRONG!!! | Kids TV Shows - Full Episodes | Cartoons For Kids | Fun Anime | Moonbug,2023-04-01T12:00:25Z,PT2H17M44S,879415,568,0
‡∏Å‡πá‡∏°‡∏≤‡∏î‡∏¥‡∏Ñ‡∏£‡πâ‡∏≤‡∏ö | EP. 141 | ‡πÄ‡∏ö‡∏¥‡πâ‡∏• ‡∏õ‡∏ó‡∏∏‡∏°‡∏£‡∏≤‡∏ä | 10 ‡∏ò.‡∏Ñ. 66 Full EP,2023-12-10T15:45:00Z,PT1H3M29S,885632,18328,757
Kodi Gaha Yata | Episode 30 - (2023-06-18) | ITN,2023-06-18T15:01:22Z,PT18M53S,869933,13633,757
Kodi Gaha Yata | Episode 24 - (2023-05-27) | ITN,2023-05-27T15:05:10Z,PT19M3S,868328,14267,543
Biggest LIME harvest ever! Tree with 1000s of limes to make my Bro's favourites! | Traditional Me,2023-04-27T13:10:45Z,PT28M40S,860431,14809,636
junya1gou funny video üòÇüòÇüòÇ,2023-12-10T09:30:18Z,PT52S,865153,17848,33
Priyamaana Thozhi - Ep 249 | 19 March 2023 | Tamil Serial | Sun TV,2023-03-21T03:15:00Z,PT21M24S,842111,8656,144
Batman turns a Promiscuous Girl he met on Streets into Bat Woman,2023-04-25T19:30:07Z,PT9M,841200,13605,988
Imlie | ‡§á‡§Æ‡§≤‡•Ä | Imlie-Aryan plot a plan against Malini!,2023-03-26T11:20:01Z,PT9M10S,839022,9075,142
Kodi Gaha Yata | Episode 21 - (2023-05-14) | ITN,2023-05-14T15:01:43Z,PT18M35S,837338,14102,573
40 Important ROAD SIGNS That You Need To Know When Driving | Traffic Signs | English Vocabulary,2023-02-28T04:42:44Z,PT5M20S,833431,7572,150
Imlie | ‡§á‡§Æ‡§≤‡•Ä |  Imlie ne kiya Divorce paper pe sign,2023-03-09T16:08:13Z,PT9M2S,836770,7208,85
junya1gou funny video üòÇüòÇüòÇ,2023-12-10T12:30:01Z,PT1M,836927,21515,94
‡∂î‡∂∫‡∑è ‡∂∏‡∑ö ‡∑É‡∑í‡∂Ø‡∑î‡∑Ä‡∑ì‡∂∏‡∑ä ‡∂Ø‡∂ö‡∑í‡∂±‡∑ä‡∂±‡∑ö ‡∂¥‡∂Ω‡∑Ä‡∑ô‡∂±‡∑í ‡∑Ä‡∂≠‡∑è‡∑Ä‡∂ß‡∂Ø üò±üëÄCaught on camera 42 üëÄüòÆHave you seen these events?,2023-06-02T05:15:01Z,PT12S,832469,3721,7
Imlie | ‡§á‡§Æ‡§≤‡•Ä | Aditya throws Malini out of his house!,2023-03-30T08:30:07Z,PT11M22S,832013,9270,190
Kodi Gaha Yata | Episode 28 - (2023-06-11) | ITN,2023-06-11T15:03:38Z,PT18M57S,828030,13041,538
Top 10 Free Fire Settings Used By Pro Players In 2023,2023-01-05T12:30:11Z,PT7M21S,823755,15828,505
Chinthaka Roshan | Hamara Banawara (‡∑Ñ‡∂∏‡∑è‡∂ª ‡∂∂‡∂´‡∑Ä‡∂ª) | Knockouts - Ranking Chairs | The Voice Sri Lanka,2023-03-04T16:06:05Z,PT11M12S,822421,23234,1592
"""‡∑Ü‡∑í‡∂∫‡∂ª‡∑äless ""  Movie Review Sinhala | Movie Explanation Sinhala | Sinhala Movie Review",2023-05-07T02:00:48Z,PT18M52S,812367,8229,127
Imlie | ‡§á‡§Æ‡§≤‡•Ä | Aryan ki badi maa ne mara Preeta ko thappad!,2023-04-10T14:20:00Z,PT8M53S,802176,7783,77
Imlie | ‡§á‡§Æ‡§≤‡•Ä | Imlie ne Aryan ki maa se ki uski shikayat!,2023-03-04T10:05:45Z,PT10M17S,795835,7394,51
Imlie | ‡§á‡§Æ‡§≤‡•Ä | Kya Chini mita degi Aryan-Imlie ke beech ki dooriyaan?,2023-05-29T07:55:28Z,PT9M34S,799575,6170,61
Imlie | ‡§á‡§Æ‡§≤‡•Ä | Aditya ne maangi Imlie se maafi!,2023-03-30T04:20:00Z,PT10M59S,791967,8616,105
NEVER Wear This In Court! (with your lawyer) #law #education,2023-12-10T18:17:44Z,PT57S,783929,98525,753
Imlie | ‡§á‡§Æ‡§≤‡•Ä |Invitation dene Malini pohochi Aryan ke ghar !,2023-03-13T16:47:53Z,PT10M32S,786783,7224,24
Explosion-Proof Zombies??? #shorts #pvzmods #pvz,2023-02-28T07:56:48Z,PT29S,780924,23721,39
Large Monster crabü¶Ämeat is tender with coconut milk & best crab filling @villagekitchensrilanka9727,2023-02-10T11:17:21Z,PT20M10S,773008,7612,77
"""De ‡∂Ω‡∑í‡∂ª‡∑í‡∂±‡∑ä‡∂ú‡∑ä "" Movie Review Sinhala | Movie Explanation Sinhala | Sinhala Movie Review",2023-05-14T06:06:39Z,PT16M53S,767384,6008,169
‡∂∫‡∑è‡∂Ω‡∑î‡∑Ä‡∑ù ‡∂≠‡∑î‡∂±‡∂Ø‡∑ô‡∂±‡∑è‡∂ß ‡∂ë‡∂ö‡∑Ä‡∂ª ‡∂∏‡∑Ä‡∑î ‡∂¥‡∂Ø‡∑Ä‡∑í‡∂∫ üòç‡∂∏‡∑ö ‡∂ß‡∑í‡∂ö‡∂ö‡∑ä ‡∑Ä‡∑í‡∑Å‡∑ö‡∑Ç ‡∂°‡∑è‡∂∫‡∑è‡∂ª‡∑ñ‡∂¥ ‡∂ë‡∂ö‡∂≠‡∑î‡∑Ä‡∂ö‡∑ä üòç,2023-04-06T00:45:24Z,PT59S,766874,32960,352
"‡∂±‡∑ê‡∂±‡∑ä‡∂Ø‡∂∏‡∑ä‡∂∏‡∑è, ‡∂Ω‡∑ö‡∂Ω‡∑í ‡∂ú‡∑ê‡∂ß‡∑î‡∂∏. ‡∂î‡∂∂ ‡∂±‡∑ê‡∂ª‡∂π‡∑í‡∂∫ ‡∂∫‡∑î‡∂≠‡∑î‡∂∏ ‡∂Ü‡∂Ø‡∂ª‡∑ä‡∑Å‡∂∏‡∂≠‡∑ä ‡∂ö‡∂≠‡∑è‡∑Ä‡∂ö‡∑ä | Mother-in-law and daughter-in-law Story üòÉ",2023-05-14T08:30:11Z,PT9M49S,768061,9456,582
Imlie | ‡§á‡§Æ‡§≤‡•Ä | Aryan hua buri tarah se ghayal!,2023-04-02T04:00:00Z,PT9M28S,764441,6760,73
Priyamaana Thozhi - Best Scenes | 21 March 2023 | Sun TV | Tamil Serial,2023-03-23T11:30:05Z,PT8M6S,761349,8735,130
Imlie | ‡§á‡§Æ‡§≤‡•Ä | Aryan ne Imlie ke dupatte se saaf ki apne jijaji ki photo!,2023-03-06T11:27:03Z,PT8M51S,763309,6067,42
Imlie | ‡§á‡§Æ‡§≤‡•Ä | Aditya ki Anguthi dhundhane ki rasam pe aaye Imlie aur Aryan !,2023-03-12T12:40:00Z,PT10M,761052,6920,39
MADUWA - Surprise MF feat. @Maiyah (Official Music Video),2023-05-21T11:00:07Z,PT3M39S,756554,22254,1550
‡∂∏‡∑ö ‡∂á‡∂©‡∑ä ‡∂ß‡∑í‡∂ö ‡∂Ø‡∑ê‡∂ö‡∂Ω‡∑è ‡∂≠‡∑í‡∂∫‡∑ô‡∂±‡∑Ä‡∂Ø? Have you seen ads in this Ad How To Start Social Media Marketing Para dige,2023-04-11T12:22:05Z,PT6M21S,754939,3203,42
TBBT S04E1 : Penny and Sheldon #shorts,2023-03-16T13:39:52Z,PT26S,745469,45149,44
Damian Wayne tries Cotton candy for the first time üç≠ | #shorts #justiceleaguevsteentitans #raven,2023-01-11T15:41:53Z,PT16S,743173,64808,0
Amazing Create Woodworking Drill Stands #woodworking #shorts #diy,2023-02-20T13:15:05Z,PT1M,737847,12462,45
Calm Down in 5 Styles | Sandaru Sathsara,2023-06-01T14:00:03Z,PT8M17S,738956,51036,3604
Imlie | ‡§á‡§Æ‡§≤‡•Ä | Apne hi sangeet se bhaag gayi Imlie!,2023-04-07T09:40:00Z,PT8M24S,736168,6895,62
Imlie | ‡§á‡§Æ‡§≤‡•Ä |Aryan ja rahe hai Pagdandiya !,2023-03-15T12:49:34Z,PT8M49S,732035,6976,79
Anandha Ragam - Promo | 24 Mar 2023 | Sun TV Serial | Tamil Serial,2023-03-23T16:03:32Z,PT32S,517857,7342,52
Imlie | ‡§á‡§Æ‡§≤‡•Ä | Kaise ki Imlie-Aryan ne Aditya ke Maa ki help?,2023-03-24T07:10:00Z,PT7M37S,520290,4677,55
Imlie | ‡§á‡§Æ‡§≤‡•Ä | Imlie aur Aryan ne bomb blast se bachaai sab ki jaan!,2023-05-27T07:40:00Z,PT8M45S,516639,4288,72
Imlie | ‡§á‡§Æ‡§≤‡•Ä | Imlie ko mila uska naya ID card !,2023-03-07T11:20:00Z,PT8M30S,517631,4814,44
Imlie | ‡§á‡§Æ‡§≤‡•Ä | Imlie - Aditya hue ek kamre me band !,2023-03-10T09:38:16Z,PT9M29S,512376,4579,47
Imlie | ‡§á‡§Æ‡§≤‡•Ä | Aryan ne khola Chini ke naam ka dukaan!,2023-05-21T07:10:00Z,PT9M19S,513738,4940,38
Imlie | ‡§á‡§Æ‡§≤‡•Ä | Imlie gir gayi daldal mein!,2023-04-25T02:50:00Z,PT8M10S,513811,4873,72
Imlie | ‡§á‡§Æ‡§≤‡•Ä | Kyun le aaya Aryan Imlie ko apne ghar?,2023-03-06T08:47:25Z,PT8M16S,511491,4844,38
1‚ú®2‚ú®3‚ú®4‚ùî ü©∑ü©∑ü©∑,2023-12-09T17:02:15Z,PT1M,513837,42597,580
Kayal - Back to Back | 17 April 2023 - 22 April 2023 | Tamil Serial | Sun TV,2023-04-25T13:32:49Z,PT2H11M37S,496876,4080,34
Kayal - Promo | 01 Apr 2023 | Sun TV Serial | Tamil Serial,2023-03-31T16:31:32Z,PT29S,495018,7240,42
Imlie | ‡§á‡§Æ‡§≤‡•Ä | Pagdandiya jane wali bus hui kharab !,2023-03-16T15:29:38Z,PT9M35S,495761,4904,58
Imlie | ‡§á‡§Æ‡§≤‡•Ä | Kya Imlie karegi Aryan se shaadi?,2023-04-09T15:40:00Z,PT9M42S,497526,5737,106
MATHRA - Ramesses Reezy X Snuck Ox X Smokio (Official Music Video),2023-03-05T18:25:04Z,PT4M53S,494025,9398,829
‡∂¥‡∂ß‡∑ä‡∂ß Bill ‡∂ë‡∂ö‡∂ö‡∑ä ‡∂Ø‡∑ô‡∂± ‡∂Ö‡∑Å‡∑ö‡∂±‡∑ä‡∂ú‡∑ö ‡∂∂‡∑í‡∂ö | Point of Pavithra | @AshenSenarathna,2023-03-10T13:02:24Z,PT4M26S,490444,14540,476
Both ladies wore them beautifully. #shorts #english #fashion,2023-05-09T15:45:02Z,PT47S,488625,12801,170
TOP 10 SAFEST AIRLINES IN THE WORLD 2023 | BEST AIRLINES,2023-05-04T21:10:21Z,PT11M5S,491381,3085,370
crape saree draping tips and tricks for beginners | very easy saree draping tutorial,2023-06-16T15:05:59Z,PT9M22S,486022,3484,34
Kannana Kanne  - Preview | Full EP free on SUN NXT | 02 March 2023  | Sun TV | Tamil Serial,2023-03-02T16:30:05Z,PT2M24S,482759,7128,61
Gippsland Jersey. Your Local Milk,2023-04-26T03:52:45Z,PT31S,489197,1,0
Imlie | ‡§á‡§Æ‡§≤‡•Ä | Akhir Aditya ne konsi  shart rakhi?,2023-03-12T16:40:00Z,PT9M27S,483701,4932,45
Super cute mom daughter combo ü•πü•∞ #shortsvideo #christmas #grwmoutfit #trending #fashion,2023-12-10T05:31:59Z,PT25S,486440,24527,102
ÿßŸÜŸàÿßÿπ ÿßŸÑÿ¢ÿ®ÿßÿ° ŸÖÿπ ÿßÿ®ŸÜÿßÿ¶ŸáŸÖ ŸÑŸÖÿß Ÿäÿ≥ŸÇÿ∑Ÿàÿß ŸÅŸä ŸÖÿßÿØÿ©,2023-12-10T21:06:52Z,PT47S,504056,38221,229
Imlie | ‡§á‡§Æ‡§≤‡•Ä | Aryan ke office aane se laga sab ko shock!,2023-06-01T04:10:00Z,PT10M3S,476818,4728,74
4 Channel RF Transmitter | How to make a Remote controller  #jlcpcb,2023-06-10T11:30:03Z,PT1M,471484,20051,79
Imlie | ‡§á‡§Æ‡§≤‡•Ä | Kya Imlie manegi Aryan ki shart?,2023-04-04T09:00:02Z,PT10M30S,472354,5079,105
Imlie | ‡§á‡§Æ‡§≤‡•Ä | Imlie aur Aryan ne diya ek doosre ko surprise!,2023-04-30T07:50:00Z,PT11M2S,469222,4858,28
Five Little Babies Jumping on the Bed | Kids Song with Basketballs and Skye,2023-01-15T13:12:25Z,PT2M25S,471291,151,
Weekend Update: Marcello Hern√°ndez on Depression in Men - SNL,2023-12-10T06:36:50Z,PT3M49S,467579,9126,396
Imlie | ‡§á‡§Æ‡§≤‡•Ä | Aryan aur Aditya ke beech hui fight!,2023-04-03T08:40:00Z,PT8M29S,462303,5073,41
‡∂∏‡∑ê‡∂ª‡∂∫‡∑ù ‡∂Ø‡∂±‡∑ä‡∂±‡∑ô ‡∂±‡∑ë ‡∂∏‡∑ö ‡∂ú‡∑ö‡∂∏ ‡∂â‡∂Ω‡∑ä‡∂Ω‡∑î‡∑Ä‡∑ö ‡∂¥‡∑î‡∑Ñ‡∑î‡∂´‡∑î‡∑Ä‡∂Ω‡∂≠‡∑ä ‡∂ö‡∑ú‡∂∏‡∑è‡∂±‡∑ä‡∂©‡∑ù ‡∑É‡∑ô‡∂∂‡∂Ω‡∑ô‡∂ö‡∑ä‡∂ú‡∑ô‡∂±‡∑ä ‡∂ö‡∑í‡∂∫‡∂Ω üòÆ sinhala film review new,2023-05-16T09:55:30Z,PT26M34S,462638,9020,292
‡ÆÆ‡Æ∞‡Øç‡ÆÆ‡ÆÆ‡Ææ‡Æ© ‡ÆÆ‡ØÇ‡Æô‡Øç‡Æï‡Æø‡Æ≤‡Øç ‡Æö‡ØÅ‡Æ∞‡Æô‡Øç‡Æï‡Æ™‡Øç‡Æ™‡Ææ‡Æ§‡Øà - Mysterious Bamboo Tunnel Story | 3D Tamil Moral Stories | Maa Maa TV,2023-06-03T01:30:14Z,PT10M58S,456517,3120,24
Mr.Manaivi - Promo | 10 Mar 2023 | Sun TV Serial | Tamil Serial,2023-03-09T16:35:58Z,PT33S,453923,7857,111
OMG OMG OMG OMG OMG WILLIAM OMG üíç,2023-12-09T23:19:51Z,PT15S,456210,53654,444
PIADAS ADULTAS EM PROGRAMAS INFANTIS,2023-12-10T15:01:44Z,PT1M,462393,78007,380
Imlie | ‡§á‡§Æ‡§≤‡•Ä | Malini ki maa ko kiya Police ne arrest!,2023-03-31T05:50:00Z,PT8M10S,453802,4922,64
Sundari - Best Scenes | 30 March 2023 | Sun TV | Tamil Serial,2023-04-01T11:45:00Z,PT8M8S,449862,4618,72
Warunaah ft. Yohani - Medusa (‡∂∏‡∑ô‡∂©‡∑ñ‡∑É‡∑è) Official Music Video,2023-03-04T10:40:30Z,PT3M47S,446590,16251,980
Imlie | ‡§á‡§Æ‡§≤‡•Ä | Aryan ki badi maa ne kya milaya dudh ke glass mein?,2023-04-12T13:10:00Z,PT8M38S,445873,4853,75
Imlie | ‡§á‡§Æ‡§≤‡•Ä | Police ke saamne Malini ne kiya natak!,2023-03-29T06:30:09Z,PT9M49S,443344,4949,77
Imlie | ‡§á‡§Æ‡§≤‡•Ä | Arpita ke sawaal ka kya jawaab degi Imlie?,2023-04-05T04:20:00Z,PT8M9S,442949,4879,62
Imlie | ‡§á‡§Æ‡§≤‡•Ä | Kyun gaye Imlie aur Aryan anathalay?,2023-04-29T06:20:00Z,PT9M27S,441701,4714,38
Imlie | ‡§á‡§Æ‡§≤‡•Ä | Aryan ke paas hai Aditya ki begunahi ka saboot!,2023-04-04T06:00:06Z,PT9M32S,441776,4784,72
Imlie | ‡§á‡§Æ‡§≤‡•Ä | Imlie ke liye Aryan ne aag mein dala apna hath!,2023-04-08T05:30:00Z,PT7M37S,439802,5415,87
Imlie | ‡§á‡§Æ‡§≤‡•Ä | Aryan ki badi maa ne rachi Imlie ke khilaaf saazish!,2023-04-09T16:40:00Z,PT7M20S,434033,4194,43
Imlie | ‡§á‡§Æ‡§≤‡•Ä | Imlie is all set for a new mission!,2023-03-26T13:10:00Z,PT8M22S,430365,4822,103
‡∂Ö‡∂∏‡∑ä‡∂∏‡∑ù ‡∂í ‡∂±‡∂∏‡∑ö ‡∂Ø‡∑í‡∂ú ... ‡∂Ø‡∑ù‡∂±‡∑í Movie,2023-06-15T10:45:02Z,PT3M33S,429889,5818,59
Sorry guys it ain‚Äôt the solulu,2023-12-10T09:52:59Z,PT9S,428461,55044,774
Imlie | ‡§á‡§Æ‡§≤‡•Ä | Will Imlie accept Aryan's offer?,2023-03-03T13:34:51Z,PT9M53S,425096,3762,51
His happiness ü•∞‚ù§Ô∏è #youtubeshorts #couplegoals,2023-12-11T06:53:00Z,PT36S,438740,19230,26
Pato y yo nos peleamos por esta raz√≥n üò∞üò™üò≠üò±,2023-12-09T21:14:17Z,PT33S,425601,37786,108
Imlie | ‡§á‡§Æ‡§≤‡•Ä | Will Imlie accept Aryan's offer?,2023-03-03T13:34:51Z,PT9M53S,425096,3762,51
#shorts 24k Gold Cut Crease Eye Makeup #youtubeshorts #cutcrease #eyemakeup | PoshNClassy,2023-03-27T10:30:19Z,PT49S,423025,16821,50
Imlie | ‡§á‡§Æ‡§≤‡•Ä | Imlie ne peheni shaadi ki saree !,2023-03-09T16:04:35Z,PT10M14S,408890,3793,25
Imlie | ‡§á‡§Æ‡§≤‡•Ä | Kyun chhoda Imlie ne shaadi ka mandap?,2023-04-09T15:00:10Z,PT8M12S,404852,4555,107
Imlie | ‡§á‡§Æ‡§≤‡•Ä | Imlie ko mili apni paheli salary!,2023-03-22T12:40:01Z,PT8M52S,404804,4517,55
‡∂±‡∑í‡∂≠‡∂ª ‡∑É‡∑ô‡∂∏ ‡∑Ñ‡∑ê‡∂Ø‡∑ô‡∂± ‡∂Ö‡∂∫ ‡∂∏‡∑ö ‡∂∂‡∑ô‡∑Ñ‡∑ô‡∂≠‡∑ä ‡∂ö‡∂Ω‡∑ú‡∂≠‡∑ä ‡∂¥‡∂¥‡∑î‡∑Ä‡∑ö ‡∑É‡∑ô‡∂∏ ‡∂î‡∂ö‡∑ä‡∂ö‡∑ú‡∂∏ ‡∂ö‡∑ê‡∂©‡∑í‡∂Ω‡∑è ‡∂∫‡∂±‡∑Ä‡∑è|  7 Home Remedies for Asthma Issues,2023-04-24T10:30:09Z,PT9M22S,399522,7341,324
CHEF-MATE: We Can Better,2023-06-16T19:10:36Z,PT54S,397349,3,1
EL JUEGO M√ÅS EXTRA√ëO QUE VER√ÅS HOY üëÆ‚Äç‚ôÇÔ∏èü´£ #militsioner,2023-12-10T16:00:52Z,PT31S,406434,55754,201
‡∂∂‡∂Ω‡∂±‡∑ä‡∂± ‡∂ö‡∑ú‡∂∫‡∑í ‡∂≠‡∂ª‡∂∏‡∑ä ‡∂Ω‡∑É‡∑ä‡∑É‡∂±‡∂Ø ‡∂Ω‡∑ö‡∑É‡∑í‡∂Ø ‡∂â‡∂ö‡∑ä‡∂∏‡∂±‡∑ä‡∂Ø ‡∂ö‡∑í‡∂∫‡∂Ω‡∑è ‚ù§Ô∏è ‡∂∂‡∂© ‡∂¥‡∑í‡∂ª‡∑ô‡∂±‡∑ä‡∂± ‡∂ö‡∂±‡∑ä‡∂± ‡∂¥‡∑î‡∑Ö‡∑î‡∑Ä‡∂±‡∑ä ‡∂ª‡∑É ‡∑Ä‡∑ë‡∑Ñ‡∑ô‡∂± ‡∂ö‡∑ë‡∂∏‡∂ö‡∑ä | Chammi Imalka,2023-06-08T05:54:35Z,PT3M16S,396079,3018,78
–ü—Ä–æ—Å—Ç–æ–π –∏ –í–∫—É—Å–Ω—ã–π #—Å—É–ø —Å –§—Ä–∏–∫–∞–¥–µ–ª—å–∫–∞–º–∏,2023-04-23T09:08:44Z,PT30S,394053,15860,84
Imlie | ‡§á‡§Æ‡§≤‡•Ä | Aryan ke parivaar ki jaan hai khatre mein!,2023-05-14T16:20:00Z,PT9M27S,390902,3893,31
Imlie | ‡§á‡§Æ‡§≤‡•Ä | Aditya ka ghar hua Imlie ke naam!,2023-03-22T08:50:00Z,PT8M16S,388454,4332,37
Imlie | ‡§á‡§Æ‡§≤‡•Ä | Beautiful moments at Imlie's Mehendi!,2023-04-07T08:20:00Z,PT10M14S,389074,4962,76
"Yaaradi Nee Mohini |  ‡ÆØ‡Ææ‡Æ∞‡Æü‡Æø ‡Æ®‡ØÄ ‡ÆÆ‡Øã‡Æï‡Æø‡Æ©‡Æø | Dhanush, Nayanthara |Tamil Full Romantic Movie",2023-03-14T13:30:05Z,PT2H52M56S,390011,2968,34
Imlie | ‡§á‡§Æ‡§≤‡•Ä | Kya Imlie poora kar paayegi apna assignment?,2023-03-04T14:31:16Z,PT10M57S,386539,3943,43
Imlie | ‡§á‡§Æ‡§≤‡•Ä | Malini ne Aryan ke ghar mein rakha bomb!,2023-06-07T12:30:36Z,PT10M22S,386776,3020,40
Imlie | ‡§á‡§Æ‡§≤‡•Ä | Imlie ko Attank ne mari Goli !,2023-03-16T14:23:36Z,PT10M54S,384525,3775,33
Imlie | ‡§á‡§Æ‡§≤‡•Ä | Aryan ne Imlie ko bataya apne ateet ka dard!,2023-04-04T10:20:00Z,PT8M8S,383929,4431,54
Kayal - Preview | Full EP free on SUN NXT | 16 May 2023 | Sun TV | Tamil Serial,2023-05-16T17:01:04Z,PT3M,378934,4094,36
–ö—Ä–∏—Å –∏ –ù–∏–∫–∏ –∏–≥—Ä–∞—é—Ç —Å –∏–≥—Ä—É—à–µ—á–Ω—ã–º–∏ –º–∞—à–∏–Ω–∫–∞–º–∏ Hot Wheels Racer Verse,2023-12-10T05:00:01Z,PT5M39S,387338,1087,
Introducing the Galaxy M14 5G | Monster 5G | Samsung,2023-04-21T05:21:09Z,PT20S,397478,483,7
Tere dil ka mere dil se song Reverb - Ye Hai Mohabbatein Teledrama,2023-02-02T11:55:10Z,PT5M48S,374681,1813,24
Priyamaana Thozhi - Weekly Recap | 20 March - 25 March 2023 | Tamil Serial | Sun TV,2023-03-28T12:39:10Z,PT15M23S,375068,3424,42
Imlie | ‡§á‡§Æ‡§≤‡•Ä | Aryan ki badi maa ne udaya Imlie ki maa ka mazaak!,2023-04-09T16:10:00Z,PT8M15S,370548,4076,53
Imlie | ‡§á‡§Æ‡§≤‡•Ä | Malini par kiya Imlie ne funny prank!,2023-03-25T07:50:00Z,PT7M47S,372749,3928,58
Imlie | ‡§á‡§Æ‡§≤‡•Ä | Imlie hui apni engagement ke liye tayyar!,2023-04-06T04:20:00Z,PT8M34S,370068,4380,65
20 Best Places To Visit In Germany | Germany Travel Guide,2023-03-25T15:30:16Z,PT37M15S,372247,2982,168
LIVE üî¥ C√¢ntece TraLaLa pentru Copii de GrƒÉdini»õƒÉ | DanseazƒÉ cu TraLaLa,2023-11-27T11:24:29Z,P0D,367614,2037,0
Chocolate Kek Batik üá≤üáæ No Bake Batik Cake!,2023-12-10T13:45:02Z,PT51S,377079,31809,91
Imlie | ‡§á‡§Æ‡§≤‡•Ä | Kya Imlie kar payegi Jyoti ka parda faash?,2023-05-14T10:30:04Z,PT9M,368643,4051,42
Imlie | ‡§á‡§Æ‡§≤‡•Ä | Kya Aryan aur Imlie aayenge kareeb?,2023-05-19T13:30:06Z,PT10M9S,362214,4046,50
Rate my new car 1-10 üòçüíöüî•,2023-12-10T13:43:46Z,PT21S,380652,35466,340
Full Highlights | 1st T20 Match | Sri Lanka tour of New Zealand 2023,2023-04-02T10:13:40Z,PT29M50S,361433,5400,99
99% Strike Rate in NEET PG 2023 | Highest Repeats in Medical PG Exams #neetpg #neetpgresults,2023-03-15T10:51:04Z,PT26S,380804,21,7
[Î∞∞Ïö∞Ïùò ·Ñâ·Ö°·Ü±] Î∞∞Ïö∞ Ïù¥ÏÜ°Í≤Ω,2023-12-10T11:00:15Z,PT16M15S,349795,7605,912
Ethirneechal - Preview | 10 April 2023 | Sun TV | Tamil Serial,2023-04-10T16:19:20Z,PT3M18S,345529,3104,76
Spoiled Sister vs mommy at the mall #spoiledsister #shorts,2023-12-10T20:00:17Z,PT24S,364006,35221,172
Imlie | ‡§á‡§Æ‡§≤‡•Ä | Malini ke bag se kya mila Imlie ko?,2023-05-29T08:43:11Z,PT10M53S,342371,3596,36
Imlie | ‡§á‡§Æ‡§≤‡•Ä | Kyun nahi diya Aryan ne Madhav ko award?,2023-05-01T02:40:00Z,PT8M48S,341760,3813,44
Imlie | ‡§á‡§Æ‡§≤‡•Ä | Aryan ki maa ne rok liya Imlie ko!,2023-05-26T08:00:02Z,PT10M21S,336808,3792,51
Imlie | ‡§á‡§Æ‡§≤‡•Ä | Imlie ka article chhapa hai front page pay!,2023-03-04T08:10:06Z,PT10M,335036,3121,28
"‡∂ú‡∂∏‡∑ö ‡∂ö‡∑ú‡∂Ω‡∑ä‡∂Ω‡∑Ä ‡∂ª‡∑Ä‡∂ß‡∑ä‡∂ß‡∂Ω,‡∑É‡∂∏‡∂†‡∑ä‡∂†‡∂Ω‡∑ö‡∂ß ‡∂ú‡∂±‡∑ä‡∂± ‡∂∏‡∑ö ‡∂ö‡∑ô‡∂Ω‡∑ä‡∂Ω ‡∂Ø‡∂±‡∑ä‡∂±‡∑ö ‡∂±‡∑ë ‡∂ö‡∑ú‡∂Ω‡∑ä‡∂Ω ‡∂¥‡∑ê‡∂≠‡∑ä‡∂≠‡∑ô‡∂∏ ‡∂Ü‡∂ª‡∂ö‡∑ä‡∑Ç‡∂ö‡∂∫‡∑è ‡∂ö‡∑í‡∂∫‡∂Ω! sinhala film REVIEW",2023-05-05T08:00:03Z,PT27M12S,331470,8046,188
Batman and Wonder Woman Love Story,2023-02-16T07:00:02Z,PT6M5S,332343,5048,191
Imlie | ‡§á‡§Æ‡§≤‡•Ä | Aditya hai nashe mein dooba hua!,2023-04-04T04:30:02Z,PT8M13S,330929,3725,49
Imlie | ‡§á‡§Æ‡§≤‡•Ä | Aryan ne bacha liya Imlie aur Chini ko!,2023-05-26T10:00:04Z,PT8M24S,330397,3355,43
Sundari - Best Scenes | 11 April 2023 | Sun TV | Tamil Serial,2023-04-13T11:45:04Z,PT8M55S,328813,3077,24
Priyamaana Thozhi - Best Scenes | 29 April 2023 | Sun TV | Tamil Serial,2023-05-01T12:14:18Z,PT8M4S,330259,3294,8
Kayal - Back to Back | 08 May - 13 May 2023 | Tamil Serial | Sun TV,2023-05-16T12:19:00Z,PT2H5M22S,329157,2219,13
It took me 20 Years to 100% Sonic Adventure 2,2023-12-10T23:00:24Z,PT1H17M38S,328607,22287,1204
Imlie | ‡§á‡§Æ‡§≤‡•Ä | Kya Aryan aur Imlie aayenge kareeb?,2023-05-19T13:30:06Z,PT10M9S,362214,4046,50
LANDED in HEAVEN at ZERO DEGREES | Ep 1 | KASHMIR 2023,2023-12-11T06:30:51Z,PT16M3S,423860,35077,2170
Full Highlights | 1st T20 Match | Sri Lanka tour of New Zealand 2023,2023-04-02T10:13:40Z,PT29M50S,361433,5400,99
"Minecraft, But I Have To Draw My World...",2023-12-10T20:32:02Z,PT59S,378070,23937,88
"–ü–æ–¥–∞—Ä—É–Ω–∫–∏ —Ç–∞ –±—É–∫–µ—Ç–∏, —â–æ –≤—Ä–∞–∂–∞—é—Ç—å —ñ –Ω–∞–¥–∏—Ö–∞—é—Ç—å. ZELENA ‚Äî –¥–∞—Ä—É—î–º–æ —Ü—ñ–Ω–Ω–µ!‚Äå",2023-05-23T13:09:06Z,PT25S,353972,132,3
Vibe koodi prandhayiiü§£ü§£ | thejathanguüòâ #Shorts,2023-12-10T10:30:05Z,PT48S,354988,31085,73
Ethirneechal - Preview | 10 April 2023 | Sun TV | Tamil Serial,2023-04-10T16:19:20Z,PT3M18S,345529,3104,76
"Chhattisgarh, Rajasthan, MP New CM Announcement Live: ‡§•‡•ãÔªø‡•ú‡•Ä ‡§¶‡•á‡§∞ ‡§Æ‡•á‡§Ç ‡§∞‡§æ‡§ú‡§∏‡•ç‡§•‡§æ‡§® ‡§∏‡•Ä‡§è‡§Æ ‡§ï‡§æ ‡§ê‡§≤‡§æ‡§®",2023-12-10T12:19:39Z,P0D,342340,2034,0
Imlie | ‡§á‡§Æ‡§≤‡•Ä | Malini ke bag se kya mila Imlie ko?,2023-05-29T08:43:11Z,PT10M53S,342371,3596,36
Imlie | ‡§á‡§Æ‡§≤‡•Ä | Kyun nahi diya Aryan ne Madhav ko award?,2023-05-01T02:40:00Z,PT8M48S,341760,3813,44
ŸÖÿß Ÿäÿπÿ±ŸÅ ÿ¥ÿ≥ŸàŸä ŸÖŸÜ ÿßŸÑŸÅÿ±ÿ≠ÿ© üòÇ #ŸÜÿ™_ÿ∂ÿπŸäŸÅ #ŸÖÿ¨ŸàÿØŸä,2023-12-11T11:24:11Z,PT21S,431778,28353,755
Imlie | ‡§á‡§Æ‡§≤‡•Ä | Aryan ki maa ne rok liya Imlie ko!,2023-05-26T08:00:02Z,PT10M21S,336808,3792,51
Imlie | ‡§á‡§Æ‡§≤‡•Ä | Imlie ka article chhapa hai front page pay!,2023-03-04T08:10:06Z,PT10M,335036,3121,28
"‡∂ú‡∂∏‡∑ö ‡∂ö‡∑ú‡∂Ω‡∑ä‡∂Ω‡∑Ä ‡∂ª‡∑Ä‡∂ß‡∑ä‡∂ß‡∂Ω,‡∑É‡∂∏‡∂†‡∑ä‡∂†‡∂Ω‡∑ö‡∂ß ‡∂ú‡∂±‡∑ä‡∂± ‡∂∏‡∑ö ‡∂ö‡∑ô‡∂Ω‡∑ä‡∂Ω ‡∂Ø‡∂±‡∑ä‡∂±‡∑ö ‡∂±‡∑ë ‡∂ö‡∑ú‡∂Ω‡∑ä‡∂Ω ‡∂¥‡∑ê‡∂≠‡∑ä‡∂≠‡∑ô‡∂∏ ‡∂Ü‡∂ª‡∂ö‡∑ä‡∑Ç‡∂ö‡∂∫‡∑è ‡∂ö‡∑í‡∂∫‡∂Ω! sinhala film REVIEW",2023-05-05T08:00:03Z,PT27M12S,331470,8046,188
Batman and Wonder Woman Love Story,2023-02-16T07:00:02Z,PT6M5S,332343,5048,191
Imlie | ‡§á‡§Æ‡§≤‡•Ä | Aditya hai nashe mein dooba hua!,2023-04-04T04:30:02Z,PT8M13S,330929,3725,49
Imlie | ‡§á‡§Æ‡§≤‡•Ä | Aryan ne bacha liya Imlie aur Chini ko!,2023-05-26T10:00:04Z,PT8M24S,330397,3355,43
Sundari - Best Scenes | 11 April 2023 | Sun TV | Tamil Serial,2023-04-13T11:45:04Z,PT8M55S,328813,3077,24
Priyamaana Thozhi - Best Scenes | 29 April 2023 | Sun TV | Tamil Serial,2023-05-01T12:14:18Z,PT8M4S,330259,3294,8
Kayal - Back to Back | 08 May - 13 May 2023 | Tamil Serial | Sun TV,2023-05-16T12:19:00Z,PT2H5M22S,329157,2219,13
‡∑É‡∑ô‡∂Ω‡∑ä‡∂Ω‡∂ö‡∑ä‡∂ö‡∑è‡∂ª ‡∂ã‡∂ª‡∑î‡∂∏‡∂ö‡∑ä‡∂ö‡∑è‡∂ª‡∂∫‡∑èüò± | ‡∑Ä‡∂ª‡∑í‡∑É‡∑î 2023 Movie Explained in Sinhala | Inside Cinemax,2023-03-05T10:40:00Z,PT34M53S,318982,11201,509
‡Æ™‡Ææ‡ÆÆ‡Øç‡Æ™‡ØÅ‡ÆÆ‡Øç ‡Æ§‡Æµ‡Æ≥‡Øà‡ÆØ‡ØÅ‡ÆÆ‡Øç | Part 1 | Tamil Kids Animation Story | Kids Cartoon | Pampum Tavalaiyum #shorts,2023-05-11T10:30:10Z,PT1M,320689,8607,0
‡∂Ω‡∑ú‡∑Ä ‡∂∑‡∂∫‡∑è‡∂±‡∂ö‡∂∏ ‡∑Ä‡∑í‡∑Å‡∑ö‡∑Ç ‡∂∂‡∂Ω‡∂ö‡∑è‡∂∫‡∂±‡∑ä üò±üò±üí™üí™ #shorts,2023-05-18T08:36:37Z,PT32S,319769,6410,668
‡∂Ö‡∑Ä‡∑î‡∂ª‡∑î‡∂Ø‡∑î 4‡∂ö‡∑ä ‡∑Ä‡∑ê‡∑Ö‡∂Ω‡∑î‡∂´‡∑î ‡∂Ö‡∂∑‡∑í‡∂ª‡∑Ñ‡∑É‡∂ö‡∑ä üò± | CP 2023 Movie Explained in Sinhala| Inside Cinemax,2023-05-10T12:42:53Z,PT44M26S,315637,9243,312
‡¶∏‡¶æ‡¶Æ‡¶∞‡¶ø‡¶ï ‡¶∂‡¶ï‡ßç‡¶§‡¶ø ‡¶¨‡¶æ‡ßú‡¶æ‡¶§‡ßá ‡¶Æ‡ßá‡¶á‡¶® ‡¶¨‡ßç‡¶Ø‡¶æ‡¶ü‡ßá‡¶≤ ‡¶ü‡ßç‡¶Ø‡¶æ‡¶Ç‡¶ï ‡¶Ø‡ßã‡¶ó ‡¶ï‡¶∞‡¶≤‡ßã ‡¶á ‡¶∞‡¶æ ‡¶® |Iran Main Battle Tank| Ekattor TV,2023-12-11T07:00:20Z,PT3M32S,360072,6968,170
Imlie | ‡§á‡§Æ‡§≤‡•Ä | Imlie aur Malini ka hua aamna saamna!,2023-05-16T13:51:40Z,PT9M2S,307710,3017,26
–ö–æ—Ä–µ–π—Å–∫–∏–π –º—É–∂ –≥–æ—Ç–æ–≤–∏—Ç. –ß—Ç–æ –≤ —ç—Ç–æ—Ç —Ä–∞–∑? #–∫–∞—Ç—è–∫–æ—Ä–µ—è #–∂–∏–∑–Ω—å–≤–∫–æ—Ä–µ–µ #–∫–æ—Ä–µ—è–≤–ª–æ–≥ #–∂–∏–∑–Ω—å–∑–∞–≥—Ä–∞–Ω–∏—Ü–µ–π,2023-12-10T08:39:07Z,PT57S,307446,39042,686
–°–∞–º—Å–∞ —Ä–µ—Ü–µ–ø—Ç –≤ –¥–æ–º–∞—à–Ω–∏—Ö —É—Å–ª–æ–≤–∏—è—Ö –ø—Ä–∏–≥–æ—Ç–æ–≤–ª–µ–Ω–∏—è #—Å–∞–º—Å–∞ #shorts,2023-01-04T08:44:39Z,PT1M,304711,8687,73
Little Canned Men (2021)| ‡∑É‡∂∏‡∑ä‡∂¥‡∑î‡∂ª‡∑ä‡∂´ ‡∂ö‡∂≠‡∑è‡∑Ä ‡∑É‡∑í‡∂Ç‡∑Ñ‡∂Ω‡∑ô‡∂±‡∑ä | Sinhala Fairy Tales | SinhalaMovieTube |,2023-05-30T04:00:08Z,PT16M2S,306059,3268,112
Yalƒ± √áapkƒ±nƒ± 50. B√∂l√ºm Fragmanƒ± | Esme √ñl√ºyor!,2023-12-10T13:05:00Z,PT1M21S,325617,613,10
Imlie | ‡§á‡§Æ‡§≤‡•Ä | Imlie aur Aryan pahunche Pagdandiya !,2023-03-16T12:36:49Z,PT9M37S,302032,3222,32
Smokeless wood stove| ‡∂Ø‡∑î‡∂∏ ‡∂±‡∑ê‡∂≠‡∑í ‡∂Ø‡∂ª ‡∂Ω‡∑í‡∂¥‡∂ö‡∑ä ‡∑Ñ‡∂Ø‡∂∏‡∑î| firewood stove smokeless| Brick stove ideas,2023-03-23T10:30:00Z,PT5M33S,304296,2739,186
‡∞µ‡±à‡∞é‡∞∏‡±ç ‡∞µ‡∞ø‡∞µ‡±á‡∞ï‡∞æ ‡∞ï‡±á‡∞∏‡±Å‡∞≤‡±ã ‡∞§‡±Ü‡∞∞‚Äå‡∞™‡±à‡∞ï‡∞ø ‡∞ú‚Äå‡∞ó‚Äå‡∞®‡±ç ‡∞™‡±á‡∞∞‡±Å...‡∞π‡±Å‡∞ü‡∞æ‡∞π‡±Å‡∞ü‡∞ø‡∞® ‡∞¢‡∞ø‡∞≤‡±ç‡∞≤‡±Ä‡∞ï‡∞ø ‡∞ú‚Äå‡∞ó‚Äå‡∞®‡±ç |YS Jagan |YS Viveka Case |ABN,2023-05-27T09:09:05Z,PT10M23S,301355,1309,80
Kayal - Back to Back | 22 May - 27 May 2023 | Tamil Serial | Sun TV,2023-05-30T12:33:18Z,PT2H4M20S,300006,2376,24
Eliminate FPS Stutters with this ONE SETTING on Windows 10/11,2023-02-09T12:24:26Z,PT5M6S,299902,7224,444
Imlie | ‡§á‡§Æ‡§≤‡•Ä | Dadda ne jail se bhagaya Imlie ko !,2023-03-14T12:11:34Z,PT9M42S,298845,3127,40
Thirumagal - Promo | 01 Apr 2023| Sun TV Serial | Tamil Serial,2023-03-31T16:31:07Z,PT36S,294532,4476,38
Entrepreneurial Thinkers: Martin Pabari,2023-03-13T15:02:58Z,PT34S,319456,3,
Next Week in Sundari Serial | Promo | 19 June 2023 | Sun TV Serial | Tamil Serial,2023-06-18T07:53:53Z,PT41S,291470,2687,84
‡∂±‡∑ô‡∑É‡∑ä‡∂ß‡∑ú‡∂∏‡∑ù‡∂Ω‡∑ä‡∂ß‡∑ä ‡∂¥‡∑ù‡∑Ç‡∂´‡∂∫‡∂∫‡∑í ‡∑Å‡∂ö‡∑ä‡∂≠‡∑í‡∂∫‡∂∫‡∑í ‡∂î‡∂∂‡∑Ä ‡∂∂‡∂Ω‡∂ú‡∂±‡∑ä‡∑Ä‡∂±‡∑ä‡∂± 100% ‡∑É‡∑ñ‡∂Ø‡∑è‡∂±‡∂∏‡∑ä.,2023-05-25T04:38:47Z,PT31S,290042,134,7
Why hide your headache when there's Saridon? | Tamil | 15 Secs,2023-04-24T07:19:12Z,PT15S,560094,3,0
Ethirneechal - Best Scenes | 12 June 2023 | Tamil Serial | Sun TV,2023-06-14T11:00:24Z,PT8M14S,285908,2878,41
"Endoscopic Procedure - Indications, Types, How It Is Done, Risks, And Complications",2023-01-02T00:30:04Z,PT3M21S,286054,1048,103
Vanathai Pola - Best Scenes | 02 May 2023 | Sun TV | Tamil Serial,2023-05-04T12:00:29Z,PT8M16S,283308,2993,15
Top 10 Great Romance Anime You Might Have MISSED!,2023-06-10T15:00:10Z,PT11M59S,282575,7020,250
Perspective Warp in Photoshop #shorts,2023-01-09T00:46:51Z,PT1M,281340,18957,77
Kayal - Back to Back | 15 May - 20 May 2023 | Tamil Serial | Sun TV,2023-05-23T09:40:44Z,PT2H4M6S,279092,2040,25
Moving Our Toddler To Get Her Reaction,2023-12-10T14:00:22Z,PT29S,284314,24149,99
Sundari - Best Scenes | 30 May 2023 | Sun TV | Tamil Serial,2023-06-01T11:45:03Z,PT8M8S,271327,2857,17
–¢–æ—Ä—Ç ¬´–¢–†–ò –°–¢–ê–ö–ê–ù–ê¬ª #—Ç–æ—Ä—Ç #—Ä–µ—Ü–µ–ø—Ç—ã #shorts,2023-02-16T16:21:26Z,PT44S,271121,14398,84
Why you Should NOT take your Own Braces Off,2023-06-16T21:56:22Z,PT38S,262796,11837,65
THE DIAMOND BODY - MOST SYMMETRICAL BODY IN THE WORLD - FLEX WHEELER MOTIVATION,2023-05-28T14:43:54Z,PT8M22S,259336,2892,282
‡∂ß‡∑ä‚Äç‡∂ª‡∑ê‡∂ö ‡∂¥‡∑ê‡∂±‡∂¥‡∑î ‡∂ë‡∂ö‡∑í‡∂∫‡∂ö‡∑ä üòÇ #dance #funnydance #dancevideo #girldance #slmemereview #srilankanathalmeme,2023-12-10T03:27:05Z,PT15S,260012,6734,
Al cielo con su mam√° üíî #colectivo  #novelas #shortsvideo,2023-12-10T21:00:11Z,PT58S,259961,28771,111
Chicken Keema ASMR Cooking || #shorts #asmr #indianasmrworld #nonveg #chicken #food #cooking,2023-12-10T07:30:00Z,PT45S,255133,17735,42
‚ÄúWhy Does It Have A J On It‚Äù,2023-12-10T23:00:30Z,PT23S,255207,21037,55
"ü™ú–õ–µ—Å—Ç–Ω–∏—Ü–∞ ""–¢–ï–õ–ï–°–ö–û–ü"" #diy #–ª–∞–π—Ñ—Ö–∞–∫–∏ #–¥–æ–º",2023-12-10T11:41:00Z,PT44S,256558,15698,455
Mage Hitha Piree (‡∂∏‡∂ú‡∑ö ‡∑Ñ‡∑í‡∂≠ ‡∂¥‡∑í‡∂ª‡∑ì ‡∂≠‡∑í‡∂∂‡∑ô‡∂±‡∑ä‡∂±‡∑ö) | Group Song | Dream Star Season11 | TV Derana,2023-05-14T20:25:33Z,PT3M16S,252263,1515,140
Hadvitha 2nd Birthday Gifts Unboxing After One Month | Bigg Boss Adi Reddy | Kavitha Naga Vlogs,2023-12-10T14:04:07Z,PT25M45S,249376,8839,824
Kayal - Back to Back | 01 May - 06 May 2023 | Tamil Serial | Sun TV,2023-05-09T14:45:47Z,PT2H6M39S,246912,1740,36
#FukoPaisa ep-27| Products you never seen beforeü§î|  #ytshorts #minivlog,2023-12-10T10:30:01Z,PT1M1S,248981,25081,45
Ethirneechal - Best Scenes | 15 June 2023 | Tamil Serial | Sun TV,2023-06-17T11:00:17Z,PT8M25S,238110,2432,28
"‡∑Ä‡∑è‡∑Ñ‡∂±‡∂∫‡∂ö‡∑ä ‡∂∂‡∂Ω‡∑ô‡∂±‡∑ä ‡∂ú‡∑ô‡∂±‡∑í‡∂∫‡∂±‡∑ä‡∂± ‡∑Ñ‡∑ê‡∂Ø‡∑ñ ‡∑É‡∑ì‡∑É‡∂ª‡∑ä‡∂Ω‡∑è‡∂ß ‡∑Ä‡∑ê‡∂© ‡∑Ä‡∂ª‡∂Ø‡∑í‡∂∫‡∑í -""‡∂ú‡∂∏‡∑ä‡∑Ä‡∂Ω‡∂ß ‡∂á‡∑Ä‡∑í‡∂≠‡∑ä ‡∑É‡∂Ø‡∑ä‡∂Ø‡∑ö ‡∂Ø‡∑è‡∂±‡∑ä‡∂±‡∑ö ‡∂ã‡∂π‡∂Ω‡∑è ‡∂†‡∂´‡∑ä‡∂©‡∑í‡∂Ø?""- Hiru News",2023-12-10T11:00:23Z,PT2M15S,233234,3217,1051
They mocked Batman for not having Super Powers but He returns as their Saviour,2023-06-08T13:30:21Z,PT13M35S,231759,4078,147
üò±‡Æá‡Æ§‡Æ©‡Ææ‡Æ≤ ‡Æ™‡Ææ‡Æ§‡Æø‡Æï‡Øç‡Æï ‡Æ™‡Æü‡ØÅ‡Æ±‡Æ§‡ØÅüë™ ‡Æï‡ØÅ‡Æ¥‡Æ®‡Øç‡Æ§‡Øà‡Æï‡Æ≥‡Øç ‡Æ§‡Ææ‡Æ©‡ØçüíîüíØ #shorts #youtubeshorts #emotional #viral,2023-12-10T13:30:18Z,PT1M,230628,14589,29
Vanathai Pola - Best Scenes | 06 June 2023 | Sun TV | Tamil Serial,2023-06-08T12:00:29Z,PT7M57S,227462,2395,14
Imlie | ‡§á‡§Æ‡§≤‡•Ä | Kyun hai Imlie Madhav ke liye pareshan?,2023-05-12T12:20:00Z,PT10M49S,225620,2671,30
ChatGPT Makes PowerPoint Slides For You ü§© || @L2SYT  || #trending #msoffice #powerpoint #chatgpt,2023-02-27T18:21:46Z,PT59S,226208,5371,36
‡Æ®‡Æ≤‡Øç‡Æ≤ ‡Æµ‡Øá‡Æ≤ ‡Æï‡Æ∞‡ØÜ‡Æï‡Øç‡Æü‡Øç  Timing - ‡Æï‡Øç‡Æï‡ØÅ ‡Æµ‡Æ®‡Øç‡Æ§‡ØÄ‡Æô‡Øç‡Æï ‡Æö‡ØÜ‡Æ≤‡Øç‡Æ≤‡ÆÆ‡Øç‡ÆÆ‡Ææ üò±  | Chellamma - Episode Preview,2023-05-20T11:42:24Z,PT2M48S,224864,1207,8
"""Eagle 44""-‡Æê ‡Æµ‡Øà‡Æ§‡Øç‡Æ§‡ØÅ Israel-‡Æê ‡ÆÆ‡Æø‡Æ∞‡Æü‡Øç‡Æü‡ØÅ‡ÆÆ‡Øç  Iran | North Korea Kim-‡Æ©‡Øç ‡ÆÖ‡Æü‡ØÅ‡Æ§‡Øç‡Æ§ Plan? | America",2023-02-11T15:45:03Z,PT10M23S,225088,2650,105
Ethirneechal - Best Scenes | 18 May 2023 | Tamil Serial | Sun TV,2023-05-20T11:00:17Z,PT8M3S,223624,2129,18
Imlie | ‡§á‡§Æ‡§≤‡•Ä | Harry ne kiya Imlie par hamla!,2023-05-13T10:50:01Z,PT7M58S,226022,2623,46
Ethirneechal - Best Scenes | 25 March 2023 | Tamil Serial | Sun TV,2023-03-27T16:33:58Z,PT8M5S,221474,2040,20
This left me SPEECHLESSü§Ø,2023-12-10T21:00:22Z,PT34S,221766,40624,273
Just For Pasta Lovers!!!!!!,2023-12-10T08:46:38Z,PT38S,216599,21042,88
Thirumagal - Special Promo | 03 May 2023 | Sun TV Serial | Tamil Serial,2023-05-02T16:30:19Z,PT34S,212506,2987,39
Vanathai Pola & Mr. Manaivi - Mahasangamam | Best Scenes - 02| 15 May 2023 | Sun TV,2023-05-17T11:00:36Z,PT8M3S,211839,2273,14
Kayal - Back to Back | 29 May - 03 June 2023 | Tamil Serial | Sun TV,2023-06-06T13:20:28Z,PT2H7M,212197,1436,17
Thirumagal - Promo | 27 Apr 2023 | Sun TV Serial | Tamil Serial,2023-04-26T17:21:29Z,PT34S,209540,3574,56
Sobreviv√≠ 100 D√çAS en Una PRISI√ìN en Minecraft!,2023-12-10T19:28:02Z,PT19M50S,213311,5176,146
[Golden] Romantic Guitar Music All Time - Greatest 200 Guitar Melodies Music - Popular Songs,2023-04-06T00:00:07Z,PT1H24M37S,215431,787,10
Comparing Baby Chilly Corn Of Best Vs Worst Rated Restaurants On¬†ZOMATOüî•üî•üî•üî•,2023-12-09T16:30:13Z,PT1M,208720,31341,256
‡∂ë‡∂ö ‡∂ª‡∑ê‡∂∫‡∑ô‡∂±‡∑ä ‡∂ö‡∑ù‡∂ß‡∑í‡∂¥‡∂≠‡∑í‡∂∫‡∑ô‡∂ö‡∑ä ‡∑Ä‡∑î‡∂´‡∑î ‡∑Ñ‡∑í‡∂ü‡∂±‡∑ä‡∂±‡∑ô‡∂ö‡∑ä üò±| ‡∂¥‡∑í‡∂†‡∑ä‡∂†‡∑ô‡∂∫‡∑í‡∂ö‡∑ä‡∂ö‡∑è‡∂ª‡∂±‡∑ä 2 2023 Movie in Sinhala | Inside Cinemax,2023-06-05T12:47:06Z,PT37M2S,207365,8080,402
Mr. Manaivi - Ep  71 | 10 June 2023 | Tamil Serial | Sun TV,2023-06-12T14:24:27Z,PT21M22S,205392,2944,46
Dishum Dishum | Episode 193 18th March 2023,2023-03-18T05:30:08Z,PT43M48S,206081,3916,288
Thirumagal - Promo | 19 May 2023 | Sun TV Serial | Tamil Serial,2023-05-18T16:11:10Z,PT39S,203013,3011,39
‡∑Ñ‡∑ê‡∂¨‡∑ñ ‡∂ö‡∂≥‡∑î‡∂Ω‡∑í‡∂±‡∑ä ‡∂≠‡∑ô‡∂∏‡∑ì‡∂ú‡∑í‡∂∫ Voice ‡∑Ä‡∑ö‡∂Ø‡∑í‡∂ö‡∑è‡∑Ä üòì,2023-03-04T16:41:35Z,PT1M,203158,9819,78
‡∂Ø‡∑î‡∑Ä‡∂ú‡∑ö ‡∂¥‡∑ô‡∂∏‡∑ä‡∑Ä‡∂≠‡∑è ‡∑Ä‡∂ú‡∑ö  ‡∂∏‡∑ö ‡∂ë‡∂±‡∑ä‡∂±‡∑ö ‡∂Ö‡∂∏‡∑ä‡∂∏‡∂∫‡∑í ‡∂≠‡∑è‡∂≠‡∑ä‡∂≠‡∑è‡∂∫‡∑í ‡∂∏‡∂ª‡∂¥‡∑î ‡∂¥‡∂Ω‡∑í‡∂∫ ‡∂ú‡∂±‡∑ä‡∂± ‡∂ë‡∂± ‡∂ö‡∑ú‡∂Ω‡∑ä‡∂Ω‡∑ô‡∂ö‡∑ä ‡∂∂‡∑Ä  ‡∂á‡∂∏‡∂≠‡∑í ‡∑Ñ‡∑ì‡∂±‡∑ô‡∂±‡∑ä‡∑Ä‡∂≠‡∑ä ‡∑Ñ‡∑í‡∂≠‡∑î‡∑Ä‡∑ô ‡∂±‡∑ë,2023-05-22T09:55:00Z,PT22M43S,202815,4806,151
Imlie | ‡§á‡§Æ‡§≤‡•Ä | Aaditya ke kaan mein Aatankiyo ne fit kiya bomb !,2023-03-14T10:19:09Z,PT8M45S,205789,2175,26
Highest Protein Foods |Foods Rich In Protein |Best Protein Rich Foods On The Planet,2023-01-31T00:30:09Z,PT3M32S,198495,1773,21
15 Best Places To Visit In Turkey | Turkey Travel Guide,2023-06-10T15:30:10Z,PT35M38S,193092,2201,130
Ethirneechal - Best Scenes | 26 April 2023 | Tamil Serial | Sun TV,2023-04-28T11:00:55Z,PT8M25S,191750,1798,15
Sundari - Best Scenes | 17 April 2023 | Sun TV | Tamil Serial,2023-04-19T11:45:01Z,PT8M39S,188769,2013,11
Sundari - Best Scenes | 14 June 2023 | Sun TV | Tamil Serial,2023-06-16T11:45:01Z,PT8M19S,188169,1923,10
Ruleta de Cabezas Con Zen√≥n! #Shorts #Ruleta #AJugar,2023-12-10T15:00:21Z,PT25S,197034,7660,0
–í–ï–°–Å–õ–ê–Ø –ö–û–†–û–í–ê –ö–û–¢–û–†–ê–Ø –ï–°–¢ –¢–†–Ø–ü–ö–ò üò± #–∂–∏–≤–æ—Ç–Ω—ã–µ,2023-12-10T14:02:13Z,PT52S,193305,16194,163
Kayal - Best Scenes | 02 June 2023 | Sun TV | Tamil Serial,2023-06-04T11:15:03Z,PT8M3S,185401,2111,12
Sundari - Best Scenes | 12 May 2023 | Sun TV | Tamil Serial,2023-05-14T11:45:03Z,PT10M36S,184050,2244,30
Open By Christmas 2021 Full HD Hallmark1080p,2023-06-07T03:40:35Z,PT1H24M10S,184870,1133,48
Entrenando para las olimpiadas,2023-12-10T19:40:00Z,PT43S,182761,19115,31
‡∂∏‡∑ö ‡∂Ø‡∑Ä‡∑É ‡∂ë‡∂±‡∂ö‡∂∏‡∑ä ‡∂∂‡∂Ω‡∂±‡∑ä ‡∑Ñ‡∑í‡∂ß‡∑í‡∂∫ ‡∂≠‡∂ª‡∂∏‡∑ä ü•∫| ‡∂ë‡∂∫‡∑è‡∂ú‡∑ô‡∂±‡∑ä ‡∂ª‡∑É ‡∂¢‡∂¥‡∂±‡∑ä ‡∂ö‡∑ë‡∂∏‡∂ö‡∑ä | Life in Japan üáØüáµ,2023-12-10T11:31:52Z,PT18M52S,165106,11439,1104
Bin bulai shadi mein chle gaye üòÇüòÇ *without invitations * üò±üò± #shorts,2023-12-10T14:00:05Z,PT1M,168037,28974,80
Priyamaana Thozhi - Best Scenes | 04 May 2023 | Sun TV | Tamil Serial,2023-05-06T11:30:14Z,PT8M11S,160277,1732,18
Kayal - Back to Back | 24 April 2023 - 29 April 2023 | Tamil Serial | Sun TV,2023-05-02T12:41:50Z,PT2H6M12S,162630,1194,20
Sundari - Best Scenes | 23 March 2023 | Sun TV | Tamil Serial,2023-03-25T11:45:01Z,PT8M5S,158172,2020,7
Best Skills the beat a Defender üî•,2023-12-10T11:30:00Z,PT13S,159099,10003,140
Kayal - Best Scenes Part 02 | 14 May 2023 | Sun TV | Tamil Serial,2023-05-16T11:30:11Z,PT8M21S,157939,1553,4
TESTANDO A BOLA DO NEYMAR!,2023-12-10T14:00:07Z,PT8M2S,167556,9938,668
Sundari - Best Scenes | 04 April 2023 | Sun TV | Tamil Serial,2023-04-06T11:45:01Z,PT7M59S,155766,1803,19
Doctor Who: The Giggle Review (Ups & Downs),2023-12-10T11:21:40Z,PT33M30S,151809,7536,2177
Bad SpongeBob and his friend part 2 ü•∫üíî | Toca life sad story #shorts,2023-12-10T04:30:14Z,PT40S,150903,9607,72
Vanathai Pola - Best Scenes | 06 May 2023 | Sun TV | Tamil Serial,2023-05-08T15:02:01Z,PT8M5S,146588,1682,3
10 Best Places To Visit  In Finland | Finland Travel Guide,2023-04-22T15:30:07Z,PT21M27S,147434,1971,94
Ethirneechal - Best Scenes | 07 March 2023 | Tamil Serial | Sun TV,2023-03-09T11:00:12Z,PT8M54S,144837,1413,7
‡∂∏‡∑ì‡∂ß ‡∂ö‡∂Ω‡∑í‡∂±‡∑ä ‡∂¥‡∑í‡∂ß‡∂ö‡∑Ä‡∂ª‡∑ö ‡∂∏‡∑ô‡∑Ñ‡∑ô‡∂∏ ‡∂Ö‡∑Ñ‡∂Ω‡∑è ‡∂±‡∑ë ‡∂±‡∑ö‡∂Ø..üòç | ùêáùêàùêëùêî ùêåùêÑùêÜùêÄ ùêÅùêãùêÄùêíùêì üî•üí•,2023-12-10T02:32:11Z,PT48S,145559,4991,130
Sundari - Best Scenes Part 1 | 28 May 2023 | Sun TV | Tamil Serial,2023-05-30T12:30:34Z,PT8M11S,143309,1619,9
Priyamaana Thozhi - Best Scenes | 12 May 2023 | Sun TV | Tamil Serial,2023-05-14T11:30:00Z,PT10M52S,143202,1867,16
Ond≈ôej Novotn√Ω na Detektoru l≈æi: Sleduje≈° v≈°echny Clash Of The Stars? Mƒõl by Mawar j√≠t do vƒõzen√≠?,2023-12-10T18:00:33Z,PT15M40S,143203,7336,155
Anandha Ragam - Best Scenes | 03 May 2023 | Sun TV,2023-05-05T10:30:10Z,PT8M15S,140175,1628,8
Sheron with Coach Sashika | Mal Sara Hee Sarin ( ‡∂∏‡∂Ω‡∑ä ‡∑É‡∂ª ‡∑Ñ‡∑ì ‡∑É‡∂ª‡∑í‡∂±‡∑ä ) | Grand Final | The Voice SL,2023-05-21T17:25:32Z,PT4M11S,140308,2944,211
Kayal - Best Scenes | 16 June 2023 | Sun TV | Tamil Serial,2023-06-18T11:15:03Z,PT8M33S,139251,1573,20
Kayal - Best Scenes | 07 June 2023 | Sun TV | Tamil Serial,2023-06-09T11:15:03Z,PT8M2S,139285,1686,11
Mr.Manaivi - Best Scenes | 04 May 2023 | Sun TV | Tamil Serial,2023-05-06T13:45:05Z,PT6M39S,138898,1955,19
Kayal - Best Scenes | 08 May 2023 | Sun TV | Tamil Serial,2023-05-10T11:15:04Z,PT8M3S,137355,1625,12
Vicky ‚ù§Ô∏è Anjali | Mr. Manaivi - Best Scenes | 23 March 2023 | Sun TV,2023-03-25T15:00:22Z,PT5M44S,137105,2137,32
Austin Reaves Scores 22 Points In 12 Minutes üëÄ | NBA In-Season Tournament Championship üèÜ,2023-12-10T02:57:36Z,PT1M44S,137033,1890,252
Anandha Ragam - Best Scenes Part 2 | 02 Apr 2023 | Sun TV,2023-04-04T11:00:08Z,PT8M14S,134463,1287,6
Kayal - Best Scenes | 14 June 2023 | Sun TV | Tamil Serial,2023-06-16T11:15:03Z,PT8M25S,134467,1494,7
Priyamaana Thozhi - Best Scenes | 31 May 2023 | Sun TV | Tamil Serial,2023-06-02T11:30:18Z,PT8M9S,134401,1567,3
Ethirneechal - Best Scenes | 15 May 2023 | Tamil Serial | Sun TV,2023-05-17T11:00:08Z,PT8M5S,132924,1422,26
Ethirneechal - Best Scenes | 31 May 2023 | Tamil Serial | Sun TV,2023-06-02T11:00:01Z,PT8M41S,132831,1375,17
Vanathai Pola - Best Scenes | 07 June 2023 | Sun TV | Tamil Serial,2023-06-09T12:00:32Z,PT7M56S,130777,1559,5
Kayal - Best Scenes | 22 May 2023 | Sun TV | Tamil Serial,2023-05-24T07:07:56Z,PT8M20S,130656,1560,9
Ethirneechal - Best Scenes | 25 April 2023 | Tamil Serial | Sun TV,2023-04-27T11:00:38Z,PT8M4S,131452,1139,14
Kayal - Best Scenes Part 01 | 14 May 2023 | Sun TV | Tamil Serial,2023-05-16T11:15:03Z,PT8M26S,127870,1303,7
Priyamaana Thozhi - Best Scenes | 03 May 2023 | Sun TV | Tamil Serial,2023-05-05T11:30:03Z,PT8M24S,127617,1517,11
Ethirneechal - Best Scenes | 27 March 2023 | Tamil Serial | Sun TV,2023-03-29T11:00:34Z,PT8M8S,127221,1279,6
"The hotter, the better",2023-12-10T11:00:37Z,PT1M,127886,5375,58
Mr.Manaivi - Preview | 07 April 2023 | Sun TV | Tamil Serial,2023-04-07T15:30:06Z,PT4M3S,126181,2110,27
Group Act | Team Umaria | Grand Finale | The Voice Sri Lanka,2023-05-21T15:46:58Z,PT10M17S,126172,2748,123
Vanathai Pola - Best Scenes | 30 May 2023 | Sun TV | Tamil Serial,2023-06-01T12:00:21Z,PT8M16S,125741,1618,5
Thirumagal - Special Promo | 10 May 2023 | Sun TV Serial | Tamil Serial,2023-05-09T07:01:54Z,PT39S,124721,1877,36
Sun Kudumbam Virudhugal 2023 - Full Show | Sirappu Munnottam | SunTV,2023-06-06T13:58:27Z,PT27M37S,124697,1338,61
Ethirneechal - Best Scenes | 16 May 2023 | Tamil Serial | Sun TV,2023-05-18T11:00:17Z,PT8M2S,124673,1280,13
Priyamaana Thozhi - Best Scenes | 03 April 2023 | Sun TV | Tamil Serial,2023-04-05T11:30:11Z,PT8M5S,125712,1525,7
Kayal - Best Scenes | 31 March 2023 | Sun TV | Tamil Serial,2023-04-02T11:15:05Z,PT8M22S,122491,1528,6
Kayal - Best Scenes | 06 April 2023 | Sun TV | Tamil Serial,2023-04-08T11:15:01Z,PT8M39S,126197,1546,10
Vanathai Pola & Mr. Manaivi - Mahasangamam - Preview | 27 May 2023 | Sun TV | Tamil Serial,2023-05-29T07:35:26Z,PT2M22S,122020,1460,8
Mr. Manaivi - New Serial Promo | 06 March 2023 | Mon - Sat at 08:30 PM | Sun TV | Tamil Serial,2023-03-06T05:24:38Z,PT1M5S,121940,1965,59
Kayal - Best Scenes | 29 May 2023 | Sun TV | Tamil Serial,2023-05-31T11:15:04Z,PT8M6S,121213,1414,5
Kayal - Best Scenes | 14 June 2023 | Sun TV | Tamil Serial,2023-06-16T11:15:03Z,PT8M25S,134467,1494,7
Priyamaana Thozhi - Best Scenes | 31 May 2023 | Sun TV | Tamil Serial,2023-06-02T11:30:18Z,PT8M9S,134401,1567,3
Ethirneechal - Best Scenes | 15 May 2023 | Tamil Serial | Sun TV,2023-05-17T11:00:08Z,PT8M5S,132924,1422,26
Ethirneechal - Best Scenes | 31 May 2023 | Tamil Serial | Sun TV,2023-06-02T11:00:01Z,PT8M41S,132831,1375,17
Vanathai Pola - Best Scenes | 07 June 2023 | Sun TV | Tamil Serial,2023-06-09T12:00:32Z,PT7M56S,130777,1559,5
Kayal - Best Scenes | 22 May 2023 | Sun TV | Tamil Serial,2023-05-24T07:07:56Z,PT8M20S,130656,1560,9
Ethirneechal - Best Scenes | 25 April 2023 | Tamil Serial | Sun TV,2023-04-27T11:00:38Z,PT8M4S,131452,1139,14
Kayal - Best Scenes Part 01 | 14 May 2023 | Sun TV | Tamil Serial,2023-05-16T11:15:03Z,PT8M26S,127870,1303,7
Priyamaana Thozhi - Best Scenes | 03 May 2023 | Sun TV | Tamil Serial,2023-05-05T11:30:03Z,PT8M24S,127617,1517,11
Ethirneechal - Best Scenes | 27 March 2023 | Tamil Serial | Sun TV,2023-03-29T11:00:34Z,PT8M8S,127221,1279,6
"The hotter, the better",2023-12-10T11:00:37Z,PT1M,127886,5375,58
Mr.Manaivi - Preview | 07 April 2023 | Sun TV | Tamil Serial,2023-04-07T15:30:06Z,PT4M3S,126181,2110,27
Group Act | Team Umaria | Grand Finale | The Voice Sri Lanka,2023-05-21T15:46:58Z,PT10M17S,126172,2748,123
Vanathai Pola - Best Scenes | 30 May 2023 | Sun TV | Tamil Serial,2023-06-01T12:00:21Z,PT8M16S,125741,1618,5
Thirumagal - Special Promo | 10 May 2023 | Sun TV Serial | Tamil Serial,2023-05-09T07:01:54Z,PT39S,124721,1877,36
Sun Kudumbam Virudhugal 2023 - Full Show | Sirappu Munnottam | SunTV,2023-06-06T13:58:27Z,PT27M37S,124697,1338,61
Ethirneechal - Best Scenes | 16 May 2023 | Tamil Serial | Sun TV,2023-05-18T11:00:17Z,PT8M2S,124673,1280,13
Priyamaana Thozhi - Best Scenes | 03 April 2023 | Sun TV | Tamil Serial,2023-04-05T11:30:11Z,PT8M5S,125712,1525,7
Kayal - Best Scenes | 31 March 2023 | Sun TV | Tamil Serial,2023-04-02T11:15:05Z,PT8M22S,122491,1528,6
Kayal - Best Scenes | 06 April 2023 | Sun TV | Tamil Serial,2023-04-08T11:15:01Z,PT8M39S,126197,1546,10
Vanathai Pola & Mr. Manaivi - Mahasangamam - Preview | 27 May 2023 | Sun TV | Tamil Serial,2023-05-29T07:35:26Z,PT2M22S,122020,1460,8
Dikkat - Seedhe Maut (Prod. Hurricane),2023-12-10T13:30:09Z,PT2M46S,122365,22355,779
Kayal - Best Scenes | 29 May 2023 | Sun TV | Tamil Serial,2023-05-31T11:15:04Z,PT8M6S,121213,1414,5
ü•∞‡Æé‡Æ©‡Øç Boyfriend ‡Æ∞‡Øä‡ÆÆ‡Øç‡Æ™ ‡Æ™‡Ææ‡Æö‡ÆÆ‡Ææ‡Æ© ‡ÆÆ‡Æ©‡ØÅ‡Æ∑‡Æ©‡Øç | Sangeetha | Redin Kingsley Marriage | Throwback,2023-12-10T13:15:05Z,PT31S,120238,3162,4
Kayal - Best Scenes | 12 May 2023 | Sun TV | Tamil Serial,2023-05-14T11:15:00Z,PT10M42S,119827,1399,13
Vanathai Pola - Best Scenes | 24 March 2023 | Sun TV | Tamil Serial,2023-03-26T12:00:17Z,PT8M8S,119323,1448,9
ÿßÿ∫ÿ®Ÿâ ÿßŸÜÿ™ŸÇÿßŸÖ ÿ®ÿßŸÑÿπÿßŸÑŸÖ  #explore #ÿ™ŸäŸÉ_ÿ™ŸàŸÉ #ŸÖÿ≠ŸÖÿØ_Ÿà_ÿ±ÿßŸÖŸä_ŸÖŸàÿµŸÑŸÑŸä #ŸäŸàÿ™ŸäŸàÿ® #ŸÖŸàÿµŸÑŸÑŸä #ÿ¨ŸäŸÅÿßÿ±ÿß_ÿßŸÑÿπŸÑŸä #shorts,2023-12-10T17:05:10Z,PT59S,121099,8020,56
Priyamaana Thozhi - Best Scenes | 14 March 2023 | Sun TV | Tamil Serial,2023-03-16T11:30:12Z,PT8M4S,118846,1533,9
Vanathai Pola - Best Scenes | 29 May 2023 | Sun TV | Tamil Serial,2023-05-31T12:00:24Z,PT8M10S,118762,1514,7
All haircuts of 2023üò≥üíá‚Äç‚ôÇÔ∏è choose the best‚úåÔ∏è,2023-12-10T21:11:53Z,PT16S,124303,10682,236
Anu-vin thappu edhula ena?! | Sundari - Best Scenes | 09 Mar 2023 | Sun TV,2023-03-11T13:30:06Z,PT4M9S,114606,1197,36
Dak Prescott haters ü§¶üèΩ #footballshorts #nfl #americanfootball #dallascowboys,2023-12-10T19:37:44Z,PT29S,118037,11413,226
Achacho Anjali-yai Kanom! | Vanathai Pola & Mr. Manaivi - Mahasangamam | Best Scene | Sun TV,2023-05-25T14:38:52Z,PT6M18S,113013,1483,6
Vanathai Pola - Best Scenes | 15 June 2023 | Sun TV | Tamil Serial,2023-06-17T12:00:51Z,PT8M19S,111257,1253,8
Mr.Manaivi - Preview | 29 May 2023 | Sun TV | Tamil Serial,2023-05-29T16:01:29Z,PT2M15S,110049,1507,14
CID ‡§ï‡•ã ‡§Æ‡§ø‡§≤‡§æ ‡§è‡§ï Challenging Task | CID | Full Episode 1236 | 10 Dec 2023,2023-12-10T17:00:20Z,PT44M57S,115663,2267,89
Priyamaana Thozhi - Best Scenes | 06 June 2023 | Sun TV | Tamil Serial,2023-06-08T11:30:19Z,PT8M7S,108207,1315,3
"Hongos, hongos y hongos: Creadores de vida",2023-12-11T00:30:30Z,PT26M15S,106047,13186,749
"Christmas Music Mix 2024üéÑBest Of Tropical Deep HouseüéÅMariah Carey, WHAM!, Ed Sheeran, Coldplay, Alok",2023-12-01T11:54:37Z,P0D,105390,744,0
Daraz Grand Christmas Sale 2023,2023-12-11T04:40:03Z,PT52S,216233,7560,3
–ü–ê–®–ê –¢–ï–•–ù–ò–ö –ù–ï–ù–ê–í–ò–î–ò–¢ –ì–ê–†–†–ò –ü–û–¢–¢–ï–†–ê #–∫—Å—Ç–∞—Ç–∏ #–≥–∞—Ä—Ä–∏–ø–æ—Ç—Ç–µ—Ä #—Ö–∞—Ä–ª–∞–º–æ–≤ #–º—É—Å–∞–≥–∞–ª–∏–µ–≤ #mediumquality,2023-12-11T06:00:03Z,PT17S,108190,2470,56
"[ÍπÄÏ¢ÖÎ∞∞Ïùò ÏãúÏÑ†ÏßëÏ§ë][FULL]&[ÏÑ∏Í≥ÑÎààÏö∞Î¶¨Îàà] Ïù¥Ï§ÄÏÑù-‚ÄúÏù¥ÎÇôÏó∞ ÎßåÎÇ† Ï§ÄÎπÑ ÎèºÏûàÎã§‚ÄùÔΩúÏ†ÑÌòÑÌù¨-ÌëúÏ†Å Í∞êÏÇ¨ ÏùòÌòπ‚Äô Ïú†Î≥ëÌò∏ ÌòêÏùò Î∂ÄÏù∏.. ÏûÖÏû•ÏùÄ?, MBC 231211 Î∞©ÏÜ°",2023-12-11T00:26:48Z,PT2H23M31S,103986,3286,96
–í–æ—Ç —É –∫–æ–≥–æ –Ω–∞–¥–æ —É—á–∏—Ç—å—Å—è –Ω–∏–∫–æ–≥–¥–∞ –Ω–µ —Å–¥–∞–≤–∞—Ç—å—Å—è!  #izmetro #shortsmetro #–∏–∑–º–µ—Ç—Ä–æ #–≥–æ–ª–±–æ–ª,2023-12-10T17:47:28Z,PT39S,104936,6975,125
‡∂Ω‡∑ú‡∂ö‡∑î‡∂ö‡∂∏ ‡∂±‡∑ê‡∂≠‡∑í ‡∂Ö‡∂∫‡∂ß ‡∂∏‡∂Ç ‡∂¥‡∂ß‡∑ä‡∂ß‡∂∏ ‡∂Ü‡∑É‡∂∫‡∑íüòçü§ç#viral #subscribe #youtubeshorts,2023-12-11T05:36:37Z,PT43S,103287,10736,42
Yalƒ± √áapkƒ±nƒ± 50. B√∂l√ºm 2. Fragmanƒ± | Acƒ± Dolu √ñl√ºm !,2023-12-10T16:30:10Z,PT55S,100389,863,11
La veuve blanche  - Episode 191 - S√©rie en fran√ßais,2023-12-11T00:00:08Z,PT20M26S,98380,5384,459
White People Hate Black Hair?,2023-12-10T17:30:06Z,PT1M,99052,11291,1210
Biden White House is 'stonewalling' this investigation: Mike Johnson,2023-12-10T17:00:20Z,PT5M27S,94648,2690,964
[Îã§ÏãúÎ≥¥Í∏∞] Î∞±ÌòÑÎèô Î∞úÏñ∏ ÌóàÏúÑÎùºÎèÑ‚Ä¶„Ö£2023ÎÖÑ 12Ïõî 11Ïùº ÍπÄÏßÑÏùò ÎçîÎùºÎ∞©,2023-12-11T02:11:28Z,PT42M49S,93376,7401,169
[2023ÎÖÑ 12Ïõî 11Ïùº ÏõîÏöîÏùº Ïò§Ï†Ñ 8Ïãú ÏÉùÎ∞©ÏÜ°] ÍπÄÍ∏∞ÌòÑ Í±∞Ï∑® Í≤∞Îã® ÏöîÍµ¨ Î¥áÎ¨º,2023-12-11T02:02:57Z,PT2H56M59S,89526,15254,152
‚úÖ MISA DE HOY lunes 11 de Diciembre 2023 - Padre Arturo Cornejo,2023-12-11T14:07:24Z,PT1H1M50S,113137,23035,761
